id,kind,issuedByRole,issuedAt
ASIA16T5GO4J6CAU1QPH,Session,arn:aws:iam::811596193553:role/flaws,2020-09-21T23:02:39Z
ASIAS6660J3R0HIE0QJW,Session,arn:aws:iam::811596193553:role/flaws,2020-09-21T23:02:39Z
ASIAJWWT8K6DUA6UYFWA,Session,arn:aws:iam::811596193553:role/flaws,2020-09-21T23:57:47Z
ASIAEIO1ZENKIPZHL1O1,Session,arn:aws:iam::811596193553:role/flaws,2020-09-21T23:57:47Z
ASIASDI2EOY1FIJNZGZW,Session,arn:aws:iam::811596193553:role/flaws,2020-09-22T00:58:42Z
ASIA5KT9JV0WYYQB54X3,Session,arn:aws:iam::811596193553:role/flaws,2020-09-22T00:58:42Z
ASIANEXJJX06SEYRWOIU,Session,arn:aws:iam::811596193553:role/flaws,2020-09-22T01:57:00Z
ASIADDYD59YHB5FT84HC,Session,arn:aws:iam::811596193553:role/flaws,2020-09-22T01:57:00Z
ASIAJCN96WHW30442FQH,Session,arn:aws:iam::811596193553:role/service-role/config-role-us-west-2,2020-09-22T02:10:54Z
ASIA9ZF6O6K1PB8NCX0Y,Session,arn:aws:iam::811596193553:role/flaws,2020-09-22T02:56:41Z
ASIAK3MYVWH1B0ZCQW0M,Session,arn:aws:iam::811596193553:role/flaws,2020-09-22T02:56:41Z
ASIAUS6SNPE1EUYKLYIS,Session,arn:aws:iam::811596193553:role/flaws,2020-09-22T03:57:16Z
ASIAH8VTYZL5NHF7KPUB,Session,arn:aws:iam::811596193553:role/flaws,2020-09-22T03:57:16Z
ASIA797FJRNHFJYFOVRA,Session,arn:aws:iam::811596193553:role/flaws,2020-09-22T04:53:32Z
ASIAG4H6OL3BD9GOTSLF,Session,arn:aws:iam::811596193553:role/flaws,2020-09-22T04:53:32Z
ASIABL7WC83R1XF3R8QJ,Session,arn:aws:iam::811596193553:role/flaws,2020-09-22T05:52:23Z
ASIAFEOORZLPPEF71DEZ,Session,arn:aws:iam::811596193553:role/flaws,2020-09-22T05:52:23Z
ASIAPAM8XI3QXFZ63TR4,Session,arn:aws:iam::811596193553:role/flaws,2020-09-22T06:54:53Z
ASIA6R4AIUWNG0ZKHUZS,Session,arn:aws:iam::811596193553:role/flaws,2020-09-22T06:54:53Z
ASIAQU3ALWRYZ6M4OPH9,Session,arn:aws:iam::811596193553:role/flaws,2020-09-22T07:54:55Z
ASIAT0YLARRLIDGQ7W6W,Session,arn:aws:iam::811596193553:role/flaws,2020-09-22T07:54:55Z
ASIA77GDMDTBLZA5R79P,Session,arn:aws:iam::811596193553:role/service-role/config-role-us-west-2,2020-09-22T08:10:33Z
ASIAYHZ34TO045PCORCL,Session,arn:aws:iam::811596193553:role/aws-service-role/config-multiaccountsetup.amazonaws.com/AWSServiceRoleForConfigMultiAccountSetup,2020-09-22T08:38:55Z
ASIAI70QQ97O211ESDXP,Session,arn:aws:iam::811596193553:role/flaws,2020-09-22T08:51:33Z
ASIAECN8AQNEMPDR7NLM,Session,arn:aws:iam::811596193553:role/flaws,2020-09-22T08:51:33Z
ASIAZZEEIJ51BCQG3VZE,Session,arn:aws:iam::811596193553:role/flaws,2020-09-22T09:54:31Z
ASIAKNB3ESNHK9BJ6DRD,Session,arn:aws:iam::811596193553:role/flaws,2020-09-22T09:54:31Z
ASIABWLKL9Z9VCOD2Q79,Session,arn:aws:iam::811596193553:role/flaws,2020-09-22T10:55:39Z
ASIAMS3J31MUO40A80FO,Session,arn:aws:iam::811596193553:role/flaws,2020-09-22T10:55:39Z
ASIA3VPA4MEPAQA1SWGA,Session,arn:aws:iam::811596193553:role/flaws,2020-09-22T11:56:27Z
ASIAZQ78VTJFAY5UVEDX,Session,arn:aws:iam::811596193553:role/flaws,2020-09-22T11:56:27Z
ASIAMCPQ8XN43N2FK7A1,Session,arn:aws:iam::811596193553:role/flaws,2020-09-22T12:59:59Z
ASIAMYE9NYVY1HQ7T8W5,Session,arn:aws:iam::811596193553:role/flaws,2020-09-22T12:59:59Z
ASIAYL7GS9UJ3JBMPB83,Session,arn:aws:iam::811596193553:role/flaws,2020-09-22T14:01:42Z
ASIAD7JC9CDVIQU43CR3,Session,arn:aws:iam::811596193553:role/flaws,2020-09-22T14:01:42Z
ASIA1RBSAKLKT175V1HA,Session,arn:aws:iam::811596193553:role/service-role/config-role-us-west-2,2020-09-22T14:12:00Z
ASIA9I5HW0VCQ9Q2NO1C,Session,arn:aws:iam::811596193553:role/service-role/Level6,2020-09-22T14:32:30Z
ASIADE5H3F1XFZ4PX60M,Session,arn:aws:iam::811596193553:role/service-role/Level6,2020-09-22T14:32:30Z
ASIAP2D3FDBCQQ4OSZEG,Session,arn:aws:iam::811596193553:role/flaws,2020-09-22T15:00:22Z
ASIA4AQMM2CA88NNG9WI,Session,arn:aws:iam::811596193553:role/flaws,2020-09-22T15:00:22Z
ASIA6EO840EQIXAB0LNV,Session,arn:aws:iam::811596193553:role/flaws,2020-09-22T16:00:36Z
ASIAERVTXUN8UD2HD55I,Session,arn:aws:iam::811596193553:role/flaws,2020-09-22T16:00:36Z
ASIAMMJQF2300WUTIP0Z,Session,arn:aws:iam::811596193553:role/flaws,2020-09-22T17:05:25Z
ASIAGDT81UC4FNNJ381P,Session,arn:aws:iam::811596193553:role/flaws,2020-09-22T17:05:25Z
ASIA006626PN2MDP90W0,Session,arn:aws:iam::811596193553:role/flaws,2020-09-22T18:00:30Z
ASIABRCOMBUJ03TUSYCY,Session,arn:aws:iam::811596193553:role/flaws,2020-09-22T18:00:30Z
ASIAE5ZR93PWW85QKSOI,Session,arn:aws:iam::811596193553:role/service-role/Level6,2020-09-22T18:04:43Z
ASIA3AFBT1XGEZAVLQHU,Session,arn:aws:iam::811596193553:role/service-role/Level6,2020-09-22T18:04:43Z
ASIACZKNKKBGR2NTWDLJ,Session,arn:aws:iam::811596193553:role/flaws,2020-09-22T19:00:01Z
ASIAIXPGHDD7D5K7HQKT,Session,arn:aws:iam::811596193553:role/flaws,2020-09-22T19:00:01Z
ASIAG06HNIP53RS6JAWI,Session,arn:aws:iam::811596193553:role/flaws,2020-09-22T20:04:39Z
ASIAGT55NSQSYJQKM9MI,Session,arn:aws:iam::811596193553:role/flaws,2020-09-22T20:04:39Z
ASIA1L5GG5NSUZ8SCLQF,Session,arn:aws:iam::811596193553:role/service-role/config-role-us-west-2,2020-09-22T20:12:53Z
ASIA0D3LP87WJUZWA62U,Session,arn:aws:iam::811596193553:role/flaws,2020-09-22T21:05:54Z
ASIAMAN2BB8EULNSRONC,Session,arn:aws:iam::811596193553:role/flaws,2020-09-22T21:05:54Z
ASIALHXWZC7YWSKUC9UG,Session,arn:aws:iam::811596193553:role/flaws,2020-09-22T22:07:06Z
ASIAMK3C5LNKQNLBHE9R,Session,arn:aws:iam::811596193553:role/flaws,2020-09-22T22:07:06Z
ASIA4WWRVRF7IVRSXIJR,Session,arn:aws:iam::811596193553:role/flaws,2020-09-22T23:02:25Z
ASIA2MMRMTSC1Z1IQQ9Q,Session,arn:aws:iam::811596193553:role/flaws,2020-09-22T23:02:25Z
ASIA13ANCM7PYU48AST1,Session,arn:aws:iam::811596193553:role/flaws,2020-09-23T00:03:44Z
ASIACFGJ1L2334S38MA4,Session,arn:aws:iam::811596193553:role/flaws,2020-09-23T00:03:44Z
ASIA541QD3OI5TZI4X5M,Session,arn:aws:iam::811596193553:role/flaws,2020-09-23T01:03:35Z
ASIAE3G7S1YIAWFGUES6,Session,arn:aws:iam::811596193553:role/flaws,2020-09-23T01:03:35Z
ASIAHOLFQD6UEAT2EDB8,Session,arn:aws:iam::811596193553:role/flaws,2020-09-23T02:07:01Z
ASIA3ZKTG4YVM8RUKC68,Session,arn:aws:iam::811596193553:role/flaws,2020-09-23T02:07:01Z
ASIAB4DRKT1OZ0MAKYZX,Session,arn:aws:iam::811596193553:role/service-role/config-role-us-west-2,2020-09-23T02:13:38Z
ASIABWQJKABV74RTA047,Session,arn:aws:iam::811596193553:role/flaws,2020-09-23T03:02:06Z
ASIA5A5CZN7ASVNA0UH1,Session,arn:aws:iam::811596193553:role/flaws,2020-09-23T03:02:06Z
ASIAMDN2CZ0VHC7ZYSOC,Session,arn:aws:iam::811596193553:role/flaws,2020-09-23T03:57:13Z
ASIAB8VZ09W8BB6H3G8C,Session,arn:aws:iam::811596193553:role/flaws,2020-09-23T03:57:13Z
ASIAWUMZ9PM2VX3PSUXH,Session,arn:aws:iam::811596193553:role/flaws,2020-09-23T04:57:24Z
ASIA2YLQHJZDO7KPPK4G,Session,arn:aws:iam::811596193553:role/flaws,2020-09-23T04:57:24Z
ASIAL3SZ8Y0FSAXSJUQY,Session,arn:aws:iam::811596193553:role/flaws,2020-09-23T06:00:30Z
ASIA75PSFQRB8TPTQE5Z,Session,arn:aws:iam::811596193553:role/flaws,2020-09-23T06:00:30Z
ASIAB6VXFG6SH3UK1QPZ,Session,arn:aws:iam::811596193553:role/flaws,2020-09-23T06:57:35Z
ASIAC123FGGDAXKKQXL8,Session,arn:aws:iam::811596193553:role/flaws,2020-09-23T06:57:35Z
ASIAW4HGN0Z1AEWHOU91,Session,arn:aws:iam::811596193553:role/flaws,2020-09-23T07:57:56Z
ASIAQEFHQDNV2WR1HO8Y,Session,arn:aws:iam::811596193553:role/flaws,2020-09-23T07:57:56Z
ASIAHAPBIM29G3C0Y3AD,Session,arn:aws:iam::811596193553:role/service-role/config-role-us-west-2,2020-09-23T08:11:21Z
ASIAK2WNRZYNUO3UJBNN,Session,arn:aws:iam::811596193553:role/aws-service-role/config-multiaccountsetup.amazonaws.com/AWSServiceRoleForConfigMultiAccountSetup,2020-09-23T08:38:55Z
ASIA8T8NUKEIDFXSEDNV,Session,arn:aws:iam::811596193553:role/flaws,2020-09-23T09:00:16Z
ASIAP2MZJGLMVI026KFK,Session,arn:aws:iam::811596193553:role/flaws,2020-09-23T09:00:16Z
ASIAWHVUOR9V96GQWN0E,Session,arn:aws:iam::811596193553:role/flaws,2020-09-23T10:04:22Z
ASIARVYUZNNJCIG3SVHU,Session,arn:aws:iam::811596193553:role/flaws,2020-09-23T10:04:22Z
ASIA8OX1QQH2A012ZLVS,Session,arn:aws:iam::811596193553:role/flaws,2020-09-23T11:04:45Z
ASIAMUCWMAZHC51WMG6S,Session,arn:aws:iam::811596193553:role/flaws,2020-09-23T11:04:45Z
ASIAGMF5EVJNOD47DP9Z,Session,arn:aws:iam::811596193553:role/flaws,2020-09-23T12:07:21Z
ASIAZZX17KC128OBXDM0,Session,arn:aws:iam::811596193553:role/flaws,2020-09-23T12:07:21Z
ASIANSVWVED4AGCLY9TN,Session,arn:aws:iam::811596193553:role/flaws,2020-09-23T13:12:09Z
ASIAT9IM6CZL8P54Q0IE,Session,arn:aws:iam::811596193553:role/flaws,2020-09-23T13:12:09Z
ASIAOW3EDHCSBU1714V3,Session,arn:aws:iam::811596193553:role/service-role/Level6,2020-09-23T13:45:50Z
ASIAL6J6JRRJ45JGUOQO,Session,arn:aws:iam::811596193553:role/service-role/Level6,2020-09-23T13:45:50Z
ASIAEV0SI1D9INXPFJPG,Session,arn:aws:iam::811596193553:role/service-role/config-role-us-west-2,2020-09-23T14:10:03Z
ASIAZLAVO09OLZAF4648,Session,arn:aws:iam::811596193553:role/flaws,2020-09-23T14:15:39Z
ASIA601T7H9FC6GZ9GU8,Session,arn:aws:iam::811596193553:role/flaws,2020-09-23T14:15:39Z
ASIA0OCRERVL886I5HK9,Session,arn:aws:iam::811596193553:role/service-role/Level6,2020-09-23T14:31:01Z
ASIAGNZM47FGTU83UI8R,Session,arn:aws:iam::811596193553:role/flaws,2020-09-23T15:13:13Z
ASIAD2E0P1GB67D1DDSH,Session,arn:aws:iam::811596193553:role/flaws,2020-09-23T15:13:13Z
ASIAQUNAQ3WEKIR4007M,Session,arn:aws:iam::811596193553:role/flaws,2020-09-23T16:09:13Z
ASIAISPYB9A4FW14GIG9,Session,arn:aws:iam::811596193553:role/flaws,2020-09-23T16:09:13Z
ASIAY737OVRQCWL6OSU8,Session,arn:aws:iam::811596193553:role/flaws,2020-09-23T17:09:39Z
ASIA2J27HKU65W4197M8,Session,arn:aws:iam::811596193553:role/flaws,2020-09-23T17:09:39Z
ASIAKE9GQLQCGLGYQZIY,Session,arn:aws:iam::811596193553:role/flaws,2020-09-23T18:07:38Z
ASIAF38MWZEBPMCMM75H,Session,arn:aws:iam::811596193553:role/flaws,2020-09-23T18:07:38Z
ASIANL0BUPT567EYE4EV,Session,arn:aws:iam::811596193553:role/flaws,2020-09-23T19:12:18Z
ASIAGIMDSUB7CLE7FOUW,Session,arn:aws:iam::811596193553:role/flaws,2020-09-23T19:12:18Z
ASIA92RZC5G6RXY4QQLP,Session,arn:aws:iam::811596193553:role/flaws,2020-09-23T20:08:53Z
ASIAU55G9C87JD93QVS2,Session,arn:aws:iam::811596193553:role/flaws,2020-09-23T20:08:53Z
ASIA7FD1L3ML9AM5G32N,Session,arn:aws:iam::811596193553:role/service-role/config-role-us-west-2,2020-09-23T20:13:41Z
ASIAVOM5YCPTBA8BZ5PV,Session,arn:aws:iam::811596193553:role/flaws,2020-09-23T21:04:07Z
ASIALIV7GG3G7VLAHT55,Session,arn:aws:iam::811596193553:role/flaws,2020-09-23T21:04:07Z
ASIAQ7Y1UWB4OYM3Z0MG,Session,arn:aws:iam::811596193553:role/service-role/Level6,2020-09-23T21:10:50Z
ASIAYSGCUPMT1Z61PKA5,Session,arn:aws:iam::811596193553:role/service-role/Level6,2020-09-23T21:10:51Z
ASIAIRZ1HVXSAOJYLDIG,Session,arn:aws:iam::811596193553:role/flaws,2020-09-23T22:05:15Z
ASIAHEB8RGLMRPX12A0J,Session,arn:aws:iam::811596193553:role/flaws,2020-09-23T22:05:15Z
ASIA6QFCCLOL5C6B26AN,Session,arn:aws:iam::811596193553:role/flaws,2020-09-23T23:05:25Z
ASIA84DE5YNFPHDWHILA,Session,arn:aws:iam::811596193553:role/flaws,2020-09-23T23:05:25Z
ASIAD929BOQIC65UBKGS,Session,arn:aws:iam::811596193553:role/flaws,2020-09-24T00:09:57Z
ASIAFNKHRKHLCXZRT4C7,Session,arn:aws:iam::811596193553:role/flaws,2020-09-24T00:09:57Z
ASIAMBPFO21S3A4NXNSD,Session,arn:aws:iam::811596193553:role/flaws,2020-09-24T01:07:06Z
ASIANFXHXBM84X2OVOA9,Session,arn:aws:iam::811596193553:role/flaws,2020-09-24T01:07:06Z
ASIAH34CQ0315ZA1BEUO,Session,arn:aws:iam::811596193553:role/flaws,2020-09-24T02:10:43Z
ASIAKMIXK0SX8WYI0R3L,Session,arn:aws:iam::811596193553:role/flaws,2020-09-24T02:10:43Z
ASIAZSE62PH55UKWF9H5,Session,arn:aws:iam::811596193553:role/service-role/config-role-us-west-2,2020-09-24T02:10:49Z
ASIAKE4780OQ3AI4TZ6B,Session,arn:aws:iam::811596193553:role/flaws,2020-09-24T03:06:32Z
ASIA5N33LRZ8BUAJZ0AS,Session,arn:aws:iam::811596193553:role/flaws,2020-09-24T03:06:32Z
ASIAP6KDBZ28BBJW7FC9,Session,arn:aws:iam::811596193553:role/service-role/Level6,2020-09-24T04:01:05Z
ASIA4WE1IJMAERKHACTW,Session,arn:aws:iam::811596193553:role/service-role/Level6,2020-09-24T04:01:05Z
ASIATSVQ9HVEBOFUZYS1,Session,arn:aws:iam::811596193553:role/flaws,2020-09-24T04:10:46Z
ASIA6XPT3PNA7DU4EFCO,Session,arn:aws:iam::811596193553:role/flaws,2020-09-24T04:10:46Z
ASIAIXBC5ITSNARNIONT,Session,arn:aws:iam::811596193553:role/flaws,2020-09-24T05:12:00Z
ASIA9X4GCD85QN1QE13V,Session,arn:aws:iam::811596193553:role/flaws,2020-09-24T05:12:00Z
ASIAKZI1KRPRHREPQFD9,Session,arn:aws:iam::811596193553:role/flaws,2020-09-24T06:12:01Z
ASIAM9C8KMGVHKGTIT9C,Session,arn:aws:iam::811596193553:role/flaws,2020-09-24T06:12:01Z
ASIA3CWZHGUKM8JTLXCT,Session,arn:aws:iam::811596193553:role/service-role/Level6,2020-09-24T07:05:52Z
ASIAU1T7C4ZKU3TXKRRN,Session,arn:aws:iam::811596193553:role/service-role/Level6,2020-09-24T07:05:52Z
ASIATPC45TAUOJV2B79O,Session,arn:aws:iam::811596193553:role/flaws,2020-09-24T07:10:44Z
ASIABJSDLDGLCLI8SJ0P,Session,arn:aws:iam::811596193553:role/flaws,2020-09-24T07:10:45Z
ASIAVQ4G870RKB3KNYKH,Session,arn:aws:iam::811596193553:role/flaws,2020-09-24T08:06:48Z
ASIAJC8HVYJ35OO68VN5,Session,arn:aws:iam::811596193553:role/flaws,2020-09-24T08:06:48Z
ASIAUHWELOIQ35BKI2KG,Session,arn:aws:iam::811596193553:role/service-role/config-role-us-west-2,2020-09-24T08:11:58Z
ASIA6602P9TV1ZUA85AB,Session,arn:aws:iam::811596193553:role/aws-service-role/config-multiaccountsetup.amazonaws.com/AWSServiceRoleForConfigMultiAccountSetup,2020-09-24T08:38:57Z
ASIAH95A9SPXLYJN9IPL,Session,arn:aws:iam::811596193553:role/flaws,2020-09-24T09:03:01Z
ASIA0FRW5RNO5ILQL7CP,Session,arn:aws:iam::811596193553:role/flaws,2020-09-24T09:03:01Z
ASIAZZIPH4FDQWASR14F,Session,arn:aws:iam::811596193553:role/flaws,2020-09-24T10:04:20Z
ASIAMRTUKQB2TAHG1IKG,Session,arn:aws:iam::811596193553:role/flaws,2020-09-24T10:04:20Z
ASIAYDHD9HZH0CXRIUSO,Session,arn:aws:iam::811596193553:role/flaws,2020-09-24T11:08:15Z
ASIAYOWDYRHZD3BQ1S19,Session,arn:aws:iam::811596193553:role/flaws,2020-09-24T11:08:15Z
ASIATPKQRDBUGA7651AF,Session,arn:aws:iam::811596193553:role/flaws,2020-09-24T12:03:24Z
ASIA3WNDYCCETCNXGAY6,Session,arn:aws:iam::811596193553:role/flaws,2020-09-24T12:03:24Z
ASIAKB49FTTSWHXSSHD2,Session,arn:aws:iam::811596193553:role/flaws,2020-09-24T13:07:18Z
ASIAUSA1HLBJ850822OL,Session,arn:aws:iam::811596193553:role/flaws,2020-09-24T13:07:18Z
ASIAF1TFIIR8PUD4KHJO,Session,arn:aws:iam::811596193553:role/service-role/Level6,2020-09-24T13:37:38Z
ASIAWS8ZA30K7L37PXOC,Session,arn:aws:iam::811596193553:role/service-role/Level6,2020-09-24T13:37:38Z
ASIAQ4KGY4KEYM9QLS99,Session,arn:aws:iam::811596193553:role/service-role/Level6,2020-09-24T13:53:19Z
ASIAG8EZ9GR6T0F4IUOY,Session,arn:aws:iam::811596193553:role/flaws,2020-09-24T14:10:13Z
ASIA0JOS7KO81IP11ZL0,Session,arn:aws:iam::811596193553:role/flaws,2020-09-24T14:10:13Z
ASIASZC2AT3G43MWIE2V,Session,arn:aws:iam::811596193553:role/service-role/config-role-us-west-2,2020-09-24T14:10:44Z
ASIATQL4BLGXLSEYU3X4,Session,arn:aws:iam::811596193553:role/flaws,2020-09-24T15:11:17Z
ASIAAOWSO99G73DMKHN5,Session,arn:aws:iam::811596193553:role/flaws,2020-09-24T15:11:17Z
ASIANO5KGJI68STFWQML,Session,arn:aws:iam::811596193553:role/flaws,2020-09-24T16:08:23Z
ASIA8T4L5PQKPOXKVGJ8,Session,arn:aws:iam::811596193553:role/flaws,2020-09-24T16:08:23Z
ASIA4F1D96S3UZRCA6V6,Session,arn:aws:iam::811596193553:role/service-role/Level6,2020-09-24T16:21:50Z
ASIAVOAF2X19XQ4UFDVK,Session,arn:aws:iam::811596193553:role/service-role/Level6,2020-09-24T16:21:50Z
ASIA1V95AHPFOBVN3BC9,Session,arn:aws:iam::811596193553:role/flaws,2020-09-24T17:09:08Z
ASIALQM81SNTVJ34YQUL,Session,arn:aws:iam::811596193553:role/flaws,2020-09-24T17:09:08Z
ASIA12YKW2ITEBV8GFR0,Session,arn:aws:iam::811596193553:role/flaws,2020-09-24T18:09:22Z
ASIA48TYFLXYRTKG5MT9,Session,arn:aws:iam::811596193553:role/flaws,2020-09-24T18:09:22Z
ASIATJYMTOZL0UOOYZNK,Session,arn:aws:iam::811596193553:role/flaws,2020-09-24T19:04:30Z
ASIAN7LQCIV2T6S2Q50N,Session,arn:aws:iam::811596193553:role/flaws,2020-09-24T19:04:30Z
ASIARYZPYUP62SOB5YZ8,Session,arn:aws:iam::811596193553:role/flaws,2020-09-24T20:01:46Z
ASIA462D213JZ5L4BV0N,Session,arn:aws:iam::811596193553:role/flaws,2020-09-24T20:01:46Z
ASIAJJ91EN9YLT9WMEOO,Session,arn:aws:iam::811596193553:role/service-role/config-role-us-west-2,2020-09-24T20:14:32Z
ASIAZJESQ3MHKWA342NI,Session,arn:aws:iam::811596193553:role/service-role/Level6,2020-09-24T20:16:53Z
ASIAC7J5OQI3OPILOWIT,Session,arn:aws:iam::811596193553:role/service-role/Level6,2020-09-24T20:16:53Z
ASIA2GS9BWM0ZBCY3Q0R,Session,arn:aws:iam::811596193553:role/flaws,2020-09-24T21:04:11Z
ASIAPFPROMTR64RGJC8Y,Session,arn:aws:iam::811596193553:role/flaws,2020-09-24T21:04:11Z
ASIAHMF2VJ2JBCL7LAXI,Session,arn:aws:iam::811596193553:role/flaws,2020-09-24T22:04:54Z
ASIA8U0ONCR60BN9P58J,Session,arn:aws:iam::811596193553:role/flaws,2020-09-24T22:04:54Z
ASIAVG2MVLZXILWDHCH3,Session,arn:aws:iam::811596193553:role/flaws,2020-09-24T23:05:14Z
ASIA94FCL7AZ45Y9RI6Y,Session,arn:aws:iam::811596193553:role/flaws,2020-09-24T23:05:14Z
ASIARDOSQ3C21UPMFIV7,Session,arn:aws:iam::811596193553:role/service-role/Level6,2020-09-25T00:02:20Z
ASIA11NBPLJ84NSV9H11,Session,arn:aws:iam::811596193553:role/service-role/Level6,2020-09-25T00:02:20Z
ASIAE3RBF3DHQ37CV06T,Session,arn:aws:iam::811596193553:role/flaws,2020-09-25T00:06:00Z
ASIAB7ZDY7B4BETQ9OPK,Session,arn:aws:iam::811596193553:role/flaws,2020-09-25T00:06:00Z
ASIAZWBXZO2JH5Z95O8J,Session,arn:aws:iam::811596193553:role/service-role/Level6,2020-09-25T00:18:14Z
ASIAORBTW707PEZ1ZCZ6,Session,arn:aws:iam::811596193553:role/flaws,2020-09-25T01:09:34Z
ASIA3WTOSE43HQMSFW9F,Session,arn:aws:iam::811596193553:role/flaws,2020-09-25T01:09:34Z
ASIA353YZZTKFYH6D0F6,Session,arn:aws:iam::811596193553:role/flaws,2020-09-25T02:05:41Z
ASIAJYV3JOUC1MBVXXT6,Session,arn:aws:iam::811596193553:role/flaws,2020-09-25T02:05:41Z
ASIAVEMSUY6ISSJ9AAN2,Session,arn:aws:iam::811596193553:role/service-role/config-role-us-west-2,2020-09-25T02:13:37Z
ASIACLQ5XG5HULUEYY6L,Session,arn:aws:iam::811596193553:role/flaws,2020-09-25T03:08:17Z
ASIAKVZNTHV32ZXTKE07,Session,arn:aws:iam::811596193553:role/flaws,2020-09-25T03:08:17Z
ASIAMBNXROUA6SXDC8EE,Session,arn:aws:iam::811596193553:role/flaws,2020-09-25T04:13:05Z
ASIAFOE250WBTMAAIRQJ,Session,arn:aws:iam::811596193553:role/flaws,2020-09-25T04:13:05Z
ASIAIETYZK94PS3H9SI4,Session,arn:aws:iam::811596193553:role/service-role/Level6,2020-09-25T04:31:36Z
ASIAFE0DFQ1WMF2JB1KJ,Session,arn:aws:iam::811596193553:role/service-role/Level6,2020-09-25T04:31:36Z
ASIAFJU537J2PUUC3XTD,Session,arn:aws:iam::811596193553:role/flaws,2020-09-25T05:16:33Z
ASIA4ZH7BWV4W77LH4L5,Session,arn:aws:iam::811596193553:role/flaws,2020-09-25T05:16:33Z
ASIAANQ7L524G44GHY2L,Session,arn:aws:iam::811596193553:role/flaws,2020-09-25T06:15:28Z
ASIA7G866KI1ZNMIGE7B,Session,arn:aws:iam::811596193553:role/flaws,2020-09-25T06:15:28Z
ASIA42N2BSZ55HX9NOU9,Session,arn:aws:iam::811596193553:role/flaws,2020-09-25T07:12:21Z
ASIAZSOJVPP5WMMFWD5C,Session,arn:aws:iam::811596193553:role/flaws,2020-09-25T07:12:21Z
ASIAYAFWWA0PCDN89G72,Session,arn:aws:iam::811596193553:role/flaws,2020-09-25T08:07:59Z
ASIATEO0DZNMWLXMOW9R,Session,arn:aws:iam::811596193553:role/flaws,2020-09-25T08:07:59Z
ASIAJ43PZHWNHSHOOR72,Session,arn:aws:iam::811596193553:role/service-role/Level6,2020-09-25T08:11:00Z
ASIA31NHI5HS65KFQYT4,Session,arn:aws:iam::811596193553:role/service-role/Level6,2020-09-25T08:11:00Z
ASIAN98DO92CW1GP0BD6,Session,arn:aws:iam::811596193553:role/service-role/config-role-us-west-2,2020-09-25T08:13:10Z
ASIA1V56XGBST2OMONNW,Session,arn:aws:iam::811596193553:role/aws-service-role/config-multiaccountsetup.amazonaws.com/AWSServiceRoleForConfigMultiAccountSetup,2020-09-25T08:38:55Z
ASIAJ398HPDHBM44WRU1,Session,arn:aws:iam::811596193553:role/flaws,2020-09-25T09:03:29Z
ASIAWF9UJ9BTFXAAUBT9,Session,arn:aws:iam::811596193553:role/flaws,2020-09-25T09:03:29Z
ASIAKTKPOF7WF4G6PS13,Session,arn:aws:iam::811596193553:role/flaws,2020-09-25T10:01:45Z
ASIAQB5EB6DV5FI2N2EP,Session,arn:aws:iam::811596193553:role/flaws,2020-09-25T10:01:45Z
ASIANV9VJVEWITEL45NX,Session,arn:aws:iam::811596193553:role/service-role/Level6,2020-09-25T10:40:17Z
ASIA1M4GYNITREZ11CKY,Session,arn:aws:iam::811596193553:role/service-role/Level6,2020-09-25T10:40:18Z
ASIAH9FLJDYG7XTQDUEY,Session,arn:aws:iam::811596193553:role/flaws,2020-09-25T11:01:21Z
ASIAQO60KI5JODL5CEQ7,Session,arn:aws:iam::811596193553:role/flaws,2020-09-25T11:01:21Z
ASIA5XPUXTAOBVWOC2M4,Session,arn:aws:iam::811596193553:role/service-role/Level6,2020-09-25T11:03:09Z
ASIATOYSUKLQ2EEYW8DX,Session,arn:aws:iam::811596193553:role/service-role/Level6,2020-09-25T11:28:49Z
ASIA1BBVLXROJGQW7W0A,Session,arn:aws:iam::811596193553:role/service-role/Level6,2020-09-25T11:49:51Z
ASIA6QGOP9PHFOQO1BKR,Session,arn:aws:iam::811596193553:role/flaws,2020-09-25T11:56:41Z
ASIA8PP5M1LP9VYPMP65,Session,arn:aws:iam::811596193553:role/flaws,2020-09-25T11:56:41Z
ASIAUESBHCS0MZPSZP85,Session,arn:aws:iam::811596193553:role/service-role/Level6,2020-09-25T12:29:54Z
ASIAR16R50U4LKBFY4RO,Session,arn:aws:iam::811596193553:role/flaws,2020-09-25T12:51:57Z
ASIAEIW5I75IAAI4WB6R,Session,arn:aws:iam::811596193553:role/flaws,2020-09-25T12:51:57Z
ASIAVBGFVNT41XF6G0J9,Session,arn:aws:iam::811596193553:role/flaws,2020-09-25T13:47:33Z
ASIAQWVD84LJXVIHE94H,Session,arn:aws:iam::811596193553:role/flaws,2020-09-25T13:47:33Z
ASIA508ONT9CYG7UXLDW,Session,arn:aws:iam::811596193553:role/service-role/config-role-us-west-2,2020-09-25T14:13:21Z
ASIAIHRKILRMMHZJZ4DL,Session,arn:aws:iam::811596193553:role/flaws,2020-09-25T14:48:18Z
ASIAJTAKAJBLVHNDASD2,Session,arn:aws:iam::811596193553:role/flaws,2020-09-25T14:48:18Z
ASIA0UJXXJ5T21HBZJMH,Session,arn:aws:iam::811596193553:role/flaws,2020-09-25T15:48:34Z
ASIASYBG4K2AFVAC8N91,Session,arn:aws:iam::811596193553:role/flaws,2020-09-25T15:48:34Z
ASIAG09PMN94CYN1KTDP,Session,arn:aws:iam::811596193553:role/flaws,2020-09-25T16:47:36Z
ASIA95P7G3WWP0G15XRE,Session,arn:aws:iam::811596193553:role/flaws,2020-09-25T16:47:36Z
ASIAARCGQQ0PLSX3PEH0,Session,arn:aws:iam::811596193553:role/flaws,2020-09-25T17:45:35Z
ASIAI10XEVIKPAXZTVOT,Session,arn:aws:iam::811596193553:role/flaws,2020-09-25T17:45:35Z
ASIAKGXRGKVOQS7NCR9M,Session,arn:aws:iam::811596193553:role/flaws,2020-09-25T18:49:08Z
ASIAVK4AI21EIIN2R8QH,Session,arn:aws:iam::811596193553:role/flaws,2020-09-25T18:49:08Z
ASIAXI73T0OK5QN8H016,Session,arn:aws:iam::811596193553:role/flaws,2020-09-25T19:46:02Z
ASIA73EY12WFX34JJVSX,Session,arn:aws:iam::811596193553:role/flaws,2020-09-25T19:46:02Z
ASIA0ZZTD6OZEQ50Z7AL,Session,arn:aws:iam::811596193553:role/service-role/Level6,2020-09-25T20:00:42Z
ASIAZ72Q97FALN0ESCG2,Session,arn:aws:iam::811596193553:role/service-role/Level6,2020-09-25T20:00:42Z
ASIA492VCA0DI183D0PK,Session,arn:aws:iam::811596193553:role/service-role/config-role-us-west-2,2020-09-25T20:11:38Z
ASIAUWCZP7RY0D0BY1O8,Session,arn:aws:iam::811596193553:role/flaws,2020-09-25T20:41:25Z
ASIA7EAUXFX6UMZT95L0,Session,arn:aws:iam::811596193553:role/flaws,2020-09-25T20:41:25Z
ASIA0M7IR4A5FHD1ENZR,Session,arn:aws:iam::811596193553:role/service-role/Level6,2020-09-25T21:28:49Z
ASIASVL8AOD82ITFZMPA,Session,arn:aws:iam::811596193553:role/flaws,2020-09-25T21:45:51Z
ASIAR1DIXLB9KFOUSH40,Session,arn:aws:iam::811596193553:role/flaws,2020-09-25T21:45:51Z
ASIAB1S3S3AAI1SFCHSK,Session,arn:aws:iam::811596193553:role/service-role/Level6,2020-09-25T22:33:35Z
ASIAFEYLM88QTNJVRA1S,Session,arn:aws:iam::811596193553:role/service-role/Level6,2020-09-25T22:33:35Z
ASIAW15T6K3J6WD0QC2X,Session,arn:aws:iam::811596193553:role/flaws,2020-09-25T22:49:22Z
ASIAC5CT4UQ8B3OQR3PH,Session,arn:aws:iam::811596193553:role/flaws,2020-09-25T22:49:22Z
ASIAZBEAD2ZGWPWC1C1F,Session,arn:aws:iam::811596193553:role/flaws,2020-09-25T23:46:39Z
ASIA1S32OUMU6XKUCCM0,Session,arn:aws:iam::811596193553:role/flaws,2020-09-25T23:46:39Z
ASIAJFLL74X4M380JJKJ,Session,arn:aws:iam::811596193553:role/flaws,2020-09-26T00:49:20Z
ASIAJ7HSZUUKLV8CV254,Session,arn:aws:iam::811596193553:role/flaws,2020-09-26T00:49:20Z
ASIAO3CQAQ0TP9B5YALO,Session,arn:aws:iam::811596193553:role/flaws,2020-09-26T01:45:31Z
ASIAG7VV359UY7YM4C2I,Session,arn:aws:iam::811596193553:role/flaws,2020-09-26T01:45:31Z
ASIAOS0R743PD159DWC9,Session,arn:aws:iam::811596193553:role/service-role/config-role-us-west-2,2020-09-26T02:13:25Z
ASIACWHEGTBWVV0PU9RF,Session,arn:aws:iam::811596193553:role/flaws,2020-09-26T02:44:56Z
ASIAHO1F9GIOLJEGM38Y,Session,arn:aws:iam::811596193553:role/flaws,2020-09-26T02:44:56Z
ASIATJAF39SSABYNT3X4,Session,arn:aws:iam::811596193553:role/flaws,2020-09-26T03:44:33Z
ASIAM462A6C10L9Y750W,Session,arn:aws:iam::811596193553:role/flaws,2020-09-26T03:44:33Z
ASIAQ3S4PCLUFNPH6RNV,Session,arn:aws:iam::811596193553:role/flaws,2020-09-26T04:43:51Z
ASIAU6LYKC4I08T9IPRF,Session,arn:aws:iam::811596193553:role/flaws,2020-09-26T04:43:51Z
ASIAC91X8FFOS4PSA4SQ,Session,arn:aws:iam::811596193553:role/flaws,2020-09-26T05:47:56Z
ASIA99U13XIU2J80WM53,Session,arn:aws:iam::811596193553:role/flaws,2020-09-26T05:47:56Z
ASIAL8YQWUXS0S1739WY,Session,arn:aws:iam::811596193553:role/flaws,2020-09-26T06:46:31Z
ASIANUPLFWEDWENGHXY5,Session,arn:aws:iam::811596193553:role/flaws,2020-09-26T06:46:31Z
ASIAWT8JNHMZBCD99BQ8,Session,arn:aws:iam::811596193553:role/flaws,2020-09-26T07:48:38Z
ASIA4SQN15TBL6ZYXUBU,Session,arn:aws:iam::811596193553:role/flaws,2020-09-26T07:48:38Z
ASIA2O5AW53EPMV71OD9,Session,arn:aws:iam::811596193553:role/service-role/config-role-us-west-2,2020-09-26T08:12:14Z
ASIAJPRD4G4A1H756Q5G,Session,arn:aws:iam::811596193553:role/aws-service-role/config-multiaccountsetup.amazonaws.com/AWSServiceRoleForConfigMultiAccountSetup,2020-09-26T08:38:56Z
ASIAWXL5SGU1U2VY153M,Session,arn:aws:iam::811596193553:role/flaws,2020-09-26T08:45:44Z
ASIA166SQ0QR3PI32MAI,Session,arn:aws:iam::811596193553:role/flaws,2020-09-26T08:45:44Z
ASIADNI7SZU1JHOIMW1G,Session,arn:aws:iam::811596193553:role/flaws,2020-09-26T09:45:48Z
ASIAQC21IO3P6FF4WLEL,Session,arn:aws:iam::811596193553:role/flaws,2020-09-26T09:45:48Z
ASIANVVVMSQMHUUU3DWT,Session,arn:aws:iam::811596193553:role/flaws,2020-09-26T10:48:24Z
ASIAOQWK8N94SF155XAU,Session,arn:aws:iam::811596193553:role/flaws,2020-09-26T10:48:24Z
ASIAVBU53ISO4DI10HIZ,Session,arn:aws:iam::811596193553:role/flaws,2020-09-26T11:49:49Z
ASIAZUZL6C7GIUQI913M,Session,arn:aws:iam::811596193553:role/flaws,2020-09-26T11:49:49Z
ASIA7GR4X1KUA496KO63,Session,arn:aws:iam::811596193553:role/flaws,2020-09-26T12:53:10Z
ASIAP10LXA0N0JJ6VF2U,Session,arn:aws:iam::811596193553:role/flaws,2020-09-26T12:53:10Z
ASIAONVK4WUQFM5EUGWS,Session,arn:aws:iam::811596193553:role/flaws,2020-09-26T13:50:21Z
ASIACCOVUKCC8H0GVN2B,Session,arn:aws:iam::811596193553:role/flaws,2020-09-26T13:50:21Z
ASIAM49FQF67KQ8QU00U,Session,arn:aws:iam::811596193553:role/service-role/config-role-us-west-2,2020-09-26T14:12:32Z
ASIAFEOUM8PL6457Z3WJ,Session,arn:aws:iam::811596193553:role/flaws,2020-09-26T14:53:33Z
ASIAVADOVR0UXW0K7JDJ,Session,arn:aws:iam::811596193553:role/flaws,2020-09-26T14:53:33Z
ASIAY9VDRAN8HNQEBX5C,Session,arn:aws:iam::811596193553:role/flaws,2020-09-26T15:51:53Z
ASIAF9VQT5P5U6WP272P,Session,arn:aws:iam::811596193553:role/flaws,2020-09-26T15:51:53Z
ASIAI6PS6WAMIS9IMX3G,Session,arn:aws:iam::811596193553:role/flaws,2020-09-26T16:52:35Z
ASIAZLFWT38H9GD95YC2,Session,arn:aws:iam::811596193553:role/flaws,2020-09-26T16:52:35Z
ASIAHDBNL8NTANVHCD4Y,Session,arn:aws:iam::811596193553:role/flaws,2020-09-26T17:55:02Z
ASIAS4WSRWLVP7KHRI02,Session,arn:aws:iam::811596193553:role/flaws,2020-09-26T17:55:02Z
ASIAJ6BM5AEGHNXJMYZ9,Session,arn:aws:iam::811596193553:role/flaws,2020-09-26T18:51:14Z
ASIACKP9A192BH5OSYP6,Session,arn:aws:iam::811596193553:role/flaws,2020-09-26T18:51:14Z
ASIATV7KXSPUOVYATACJ,Session,arn:aws:iam::811596193553:role/flaws,2020-09-26T19:50:14Z
ASIAJS9FLDUK3CU9ODEE,Session,arn:aws:iam::811596193553:role/flaws,2020-09-26T19:50:14Z
ASIAXQJZ7HB6O39AJ3P2,Session,arn:aws:iam::811596193553:role/service-role/config-role-us-west-2,2020-09-26T20:11:17Z
ASIAWL6194HGS3JCWHHF,Session,arn:aws:iam::811596193553:role/flaws,2020-09-26T20:50:37Z
ASIA0QVHH664RDDFW7AB,Session,arn:aws:iam::811596193553:role/flaws,2020-09-26T20:50:37Z
ASIAAU4X853MUDSRHD0K,Session,arn:aws:iam::811596193553:role/service-role/Level6,2020-09-26T20:59:51Z
ASIAGZ4ZZLK1S3KNJ5O9,Session,arn:aws:iam::811596193553:role/service-role/Level6,2020-09-26T20:59:51Z
ASIAB38WADGW8D1SNRYM,Session,arn:aws:iam::811596193553:role/flaws,2020-09-26T21:53:14Z
ASIA8A0WD4WP626VIIE4,Session,arn:aws:iam::811596193553:role/flaws,2020-09-26T21:53:14Z
ASIA5THVR163QCUY6VHF,Session,arn:aws:iam::811596193553:role/service-role/Level6,2020-09-26T21:59:35Z
ASIAFTWJ63P0K2MO624Y,Session,arn:aws:iam::811596193553:role/flaws,2020-09-26T22:55:14Z
ASIAIW20S32O5C3T5RU9,Session,arn:aws:iam::811596193553:role/flaws,2020-09-26T22:55:14Z
ASIAGEYGCDNYH8TTNBQH,Session,arn:aws:iam::811596193553:role/flaws,2020-09-26T23:57:59Z
ASIAC7WF9NBKTH6M6YW0,Session,arn:aws:iam::811596193553:role/flaws,2020-09-26T23:57:59Z
ASIAGKJ5UP19L6HL8NY3,Session,arn:aws:iam::811596193553:role/flaws,2020-09-27T00:57:29Z
ASIA81KEASLUY4W4L0AS,Session,arn:aws:iam::811596193553:role/flaws,2020-09-27T00:57:29Z
ASIADBM3A1JJS10A6ZK8,Session,arn:aws:iam::811596193553:role/flaws,2020-09-27T01:56:08Z
ASIAD7KZJ8U1S6DFJVC2,Session,arn:aws:iam::811596193553:role/flaws,2020-09-27T01:56:08Z
ASIA10P5375JXHE3KHNA,Session,arn:aws:iam::811596193553:role/service-role/config-role-us-west-2,2020-09-27T02:11:55Z
ASIAFRMQF39WI3VD3AMI,Session,arn:aws:iam::811596193553:role/flaws,2020-09-27T02:53:20Z
ASIALDXLBGH9YA83LS0M,Session,arn:aws:iam::811596193553:role/flaws,2020-09-27T02:53:20Z
ASIAI26Z420QEARMIMAA,Session,arn:aws:iam::811596193553:role/flaws,2020-09-27T03:53:37Z
ASIA8CQSTIS2A76TP5CV,Session,arn:aws:iam::811596193553:role/flaws,2020-09-27T03:53:37Z
ASIA8Q8LXKY79M3AEJGO,Session,arn:aws:iam::811596193553:role/flaws,2020-09-27T04:53:04Z
ASIASKARX5VH617Z9H9H,Session,arn:aws:iam::811596193553:role/flaws,2020-09-27T04:53:04Z
ASIA36UIJMPMSBGZXDF3,Session,arn:aws:iam::811596193553:role/flaws,2020-09-27T05:53:43Z
ASIATRQVD9GWSFLIL4MW,Session,arn:aws:iam::811596193553:role/flaws,2020-09-27T05:53:43Z
ASIAEBBH1L7EQJ9VUNEM,Session,arn:aws:iam::811596193553:role/flaws,2020-09-27T06:52:44Z
ASIAQ09WG52BF06W5EB2,Session,arn:aws:iam::811596193553:role/flaws,2020-09-27T06:52:44Z
ASIA8ESSI4Q36CWZO25H,Session,arn:aws:iam::811596193553:role/flaws,2020-09-27T07:53:51Z
ASIANFB4JHVPJZFIZKPL,Session,arn:aws:iam::811596193553:role/flaws,2020-09-27T07:53:51Z
ASIASAUO9D99I55MKAVQ,Session,arn:aws:iam::811596193553:role/service-role/config-role-us-west-2,2020-09-27T08:13:24Z
ASIAVUJFNJ6N5GCZIDU0,Session,arn:aws:iam::811596193553:role/aws-service-role/config-multiaccountsetup.amazonaws.com/AWSServiceRoleForConfigMultiAccountSetup,2020-09-27T08:38:55Z
ASIAHYMTGZ3109E694VS,Session,arn:aws:iam::811596193553:role/flaws,2020-09-27T08:56:50Z
ASIAB6L3C6X4VBJVHL3Z,Session,arn:aws:iam::811596193553:role/flaws,2020-09-27T08:56:50Z
ASIAKBNYYB326WT6JTED,Session,arn:aws:iam::811596193553:role/flaws,2020-09-27T09:51:54Z
ASIA4OBBIY38YPA8P6G2,Session,arn:aws:iam::811596193553:role/flaws,2020-09-27T09:51:54Z
ASIABZGE4DWZSVMR5WOF,Session,arn:aws:iam::811596193553:role/flaws,2020-09-27T10:56:27Z
ASIAF2SL9WKVX4Z19DYG,Session,arn:aws:iam::811596193553:role/flaws,2020-09-27T10:56:27Z
ASIAF7EJDGQHDRMTTUPQ,Session,arn:aws:iam::811596193553:role/flaws,2020-09-27T12:00:16Z
ASIA6GJ0IZU3PZUEE1H6,Session,arn:aws:iam::811596193553:role/flaws,2020-09-27T12:00:16Z
ASIA5TY7MBOWTK4FMKK8,Session,arn:aws:iam::811596193553:role/flaws,2020-09-27T13:00:34Z
ASIA39BEMHVVAVJG5H5O,Session,arn:aws:iam::811596193553:role/flaws,2020-09-27T13:00:34Z
ASIA7BY9AVKRXU3U5CGR,Session,arn:aws:iam::811596193553:role/flaws,2020-09-27T14:05:18Z
ASIA5S5HZLBGB4HPVUQ0,Session,arn:aws:iam::811596193553:role/flaws,2020-09-27T14:05:18Z
ASIAPF9G340ZDKNE50DG,Session,arn:aws:iam::811596193553:role/service-role/config-role-us-west-2,2020-09-27T14:12:19Z
ASIA9GAP63YGACBZ3DDU,Session,arn:aws:iam::811596193553:role/flaws,2020-09-27T15:01:49Z
ASIADSAZ7S2KO7ABLYLA,Session,arn:aws:iam::811596193553:role/flaws,2020-09-27T15:01:49Z
ASIAZEIJTYYNEWPICBKI,Session,arn:aws:iam::811596193553:role/flaws,2020-09-27T16:00:08Z
ASIA5DL0AXM8UX04T4PL,Session,arn:aws:iam::811596193553:role/flaws,2020-09-27T16:00:08Z
ASIADZ1AD62RARB49DKA,Session,arn:aws:iam::811596193553:role/flaws,2020-09-27T17:00:13Z
ASIAQFG2O13Z6F910WAE,Session,arn:aws:iam::811596193553:role/flaws,2020-09-27T17:00:13Z
ASIA0AL993EJUBXPT430,Session,arn:aws:iam::811596193553:role/flaws,2020-09-27T18:00:27Z
ASIAWE7QILS1MH08ZOJ0,Session,arn:aws:iam::811596193553:role/flaws,2020-09-27T18:00:27Z
ASIAAOJE5TZ60PZ2SXI4,Session,arn:aws:iam::811596193553:role/flaws,2020-09-27T18:57:45Z
ASIA8DK6FGL9WM3WTBBV,Session,arn:aws:iam::811596193553:role/flaws,2020-09-27T18:57:45Z
ASIAVA8KM69Q1PMXBE78,Session,arn:aws:iam::811596193553:role/flaws,2020-09-27T19:54:45Z
ASIARGHKZ8AQACZVXLYA,Session,arn:aws:iam::811596193553:role/flaws,2020-09-27T19:54:45Z
ASIAVFCCPHSHG9990Z0E,Session,arn:aws:iam::811596193553:role/service-role/config-role-us-west-2,2020-09-27T20:11:23Z
ASIAGBNFCNQ6Y2XWSHH3,Session,arn:aws:iam::811596193553:role/flaws,2020-09-27T20:53:20Z
ASIAU4J40OD7ULBZS1TG,Session,arn:aws:iam::811596193553:role/flaws,2020-09-27T20:53:20Z
ASIAJAN3FPUG83V02UPK,Session,arn:aws:iam::811596193553:role/flaws,2020-09-27T21:57:13Z
ASIAJBY9ERHRK3YP18BY,Session,arn:aws:iam::811596193553:role/flaws,2020-09-27T21:57:13Z
ASIABSSDC7MYBHIPUNMM,Session,arn:aws:iam::811596193553:role/service-role/Level6,2020-09-27T22:29:15Z
ASIATE4LU9AKJUITE5IW,Session,arn:aws:iam::811596193553:role/service-role/Level6,2020-09-27T22:29:15Z
ASIA6P3IO74BFSN4VWU7,Session,arn:aws:iam::811596193553:role/flaws,2020-09-27T22:57:21Z
ASIAPBUFNIBH74N19CLG,Session,arn:aws:iam::811596193553:role/flaws,2020-09-27T22:57:21Z
ASIAIZJV4OB3VB6SDNI0,Session,arn:aws:iam::811596193553:role/flaws,2020-09-28T00:01:01Z
ASIAUJA03BIA4AN8AB88,Session,arn:aws:iam::811596193553:role/flaws,2020-09-28T00:01:01Z
ASIAAK6SG1ZLF3KYZJAP,Session,arn:aws:iam::811596193553:role/flaws,2020-09-28T01:01:13Z
ASIA4CXKWNZW1XLBX172,Session,arn:aws:iam::811596193553:role/flaws,2020-09-28T01:01:13Z
ASIAWIAXZOPTOO2NZU8P,Session,arn:aws:iam::811596193553:role/flaws,2020-09-28T02:03:23Z
ASIALFAOLHT37X3EA5EX,Session,arn:aws:iam::811596193553:role/flaws,2020-09-28T02:03:23Z
ASIAP496QBN18DPZLJHT,Session,arn:aws:iam::811596193553:role/service-role/config-role-us-west-2,2020-09-28T02:12:04Z
ASIAOBZCDSFZG34YZB9H,Session,arn:aws:iam::811596193553:role/flaws,2020-09-28T03:06:36Z
ASIAXBUNN0ACJP60RAS3,Session,arn:aws:iam::811596193553:role/flaws,2020-09-28T03:06:36Z
ASIAC2MKTNSZDY40MS3N,Session,arn:aws:iam::811596193553:role/flaws,2020-09-28T04:09:18Z
ASIANYIH4DOWOBJOAFDM,Session,arn:aws:iam::811596193553:role/flaws,2020-09-28T04:09:18Z
ASIAVNCE5RVR52FO4HD2,Session,arn:aws:iam::811596193553:role/flaws,2020-09-28T05:09:43Z
ASIASS7XS3MS0ZNXXO8R,Session,arn:aws:iam::811596193553:role/flaws,2020-09-28T05:09:43Z
ASIAS8SW7JZGM9MBTSXO,Session,arn:aws:iam::811596193553:role/flaws,2020-09-28T06:12:58Z
ASIAMG0PLRHKF8ZSJLZU,Session,arn:aws:iam::811596193553:role/flaws,2020-09-28T06:12:58Z
ASIATYXLLAFVWKPSOQ7Q,Session,arn:aws:iam::811596193553:role/flaws,2020-09-28T07:09:05Z
ASIA9U8W3SPBT4IWITFR,Session,arn:aws:iam::811596193553:role/flaws,2020-09-28T07:09:05Z
ASIAPU640LOB4KL1JCKF,Session,arn:aws:iam::811596193553:role/flaws,2020-09-28T08:10:45Z
ASIAXDDWKX1VYAEH71TT,Session,arn:aws:iam::811596193553:role/flaws,2020-09-28T08:10:45Z
ASIAXA1T6X8I4STVSM2K,Session,arn:aws:iam::811596193553:role/service-role/config-role-us-west-2,2020-09-28T08:11:49Z
ASIA4O9BPQUHW6CS4NHT,Session,arn:aws:iam::811596193553:role/aws-service-role/config-multiaccountsetup.amazonaws.com/AWSServiceRoleForConfigMultiAccountSetup,2020-09-28T08:38:55Z
ASIAVCYAVUVUN8QX9ZF3,Session,arn:aws:iam::811596193553:role/service-role/Level6,2020-09-28T08:48:48Z
ASIA2UN7YPNCEHDBC5HR,Session,arn:aws:iam::811596193553:role/service-role/Level6,2020-09-28T08:48:48Z
ASIAGQZ3AVVB3DYSU52J,Session,arn:aws:iam::811596193553:role/flaws,2020-09-28T09:09:37Z
ASIARY4972WV9CMTVBR9,Session,arn:aws:iam::811596193553:role/flaws,2020-09-28T09:09:37Z
ASIALVZYNL9ZZGYOADTB,Session,arn:aws:iam::811596193553:role/service-role/Level6,2020-09-28T09:25:41Z
ASIAZQ8DQZ6JTC8BIJJY,Session,arn:aws:iam::811596193553:role/service-role/Level6,2020-09-28T09:38:05Z
ASIAHK35TG56ITLSWJOJ,Session,arn:aws:iam::811596193553:role/service-role/Level6,2020-09-28T09:55:24Z
ASIAGGKZ9XTBYZICJWNP,Session,arn:aws:iam::811596193553:role/flaws,2020-09-28T10:12:33Z
ASIAORGQ2C1QPRSCIBU0,Session,arn:aws:iam::811596193553:role/flaws,2020-09-28T10:12:33Z
ASIAJXNL93I66RNFLLSA,Session,arn:aws:iam::811596193553:role/flaws,2020-09-28T11:09:20Z
ASIAMAQNN9SZ1WQXN15D,Session,arn:aws:iam::811596193553:role/flaws,2020-09-28T11:09:20Z
ASIAP2T7OG57B3UZXWP3,Session,arn:aws:iam::811596193553:role/service-role/Level6,2020-09-28T11:31:07Z
ASIABXBTKPSFRZVU3Q7A,Session,arn:aws:iam::811596193553:role/service-role/Level6,2020-09-28T11:31:07Z
ASIA7ZHXRC4KCXNNPD4G,Session,arn:aws:iam::811596193553:role/flaws,2020-09-28T12:12:33Z
ASIARI3C1TAJ2KPNUA2G,Session,arn:aws:iam::811596193553:role/flaws,2020-09-28T12:12:33Z
ASIAFWYOLA1TY1I835WM,Session,arn:aws:iam::811596193553:role/flaws,2020-09-28T13:13:19Z
ASIAIMJRMRHI4H1UU8I7,Session,arn:aws:iam::811596193553:role/flaws,2020-09-28T13:13:19Z
ASIA1ZU0722AZJN40O5W,Session,arn:aws:iam::811596193553:role/service-role/config-role-us-west-2,2020-09-28T14:13:33Z
ASIAPSVTKRW9H6OGCKVG,Session,arn:aws:iam::811596193553:role/flaws,2020-09-28T14:14:05Z
ASIA5FQLQL07H35E8DC3,Session,arn:aws:iam::811596193553:role/flaws,2020-09-28T14:14:05Z
ASIAAY2CV211G8WJCR2E,Session,arn:aws:iam::811596193553:role/flaws,2020-09-28T15:14:10Z
ASIAHMHTHQA3X4AQTLPA,Session,arn:aws:iam::811596193553:role/flaws,2020-09-28T15:14:10Z
ASIAWMDPE2WE6GCGEMLN,Session,arn:aws:iam::811596193553:role/flaws,2020-09-28T16:15:03Z
ASIA9TTE4RGCA4BD0P08,Session,arn:aws:iam::811596193553:role/flaws,2020-09-28T16:15:03Z
ASIACHNIVYI8E5N84FND,Session,arn:aws:iam::811596193553:role/flaws,2020-09-28T17:15:20Z
ASIA1NABGSC8VNWO2D1O,Session,arn:aws:iam::811596193553:role/flaws,2020-09-28T17:15:20Z
ASIATCFOUN9XWB4B2GEF,Session,arn:aws:iam::811596193553:role/flaws,2020-09-28T18:16:20Z
ASIAPRY4JXX3SFVI91G1,Session,arn:aws:iam::811596193553:role/flaws,2020-09-28T18:16:20Z
ASIA01CY4B3DTE2HT1SN,Session,arn:aws:iam::811596193553:role/flaws,2020-09-28T19:20:55Z
ASIAVE5EX46FCRPLSXS9,Session,arn:aws:iam::811596193553:role/flaws,2020-09-28T19:20:55Z
ASIAWP5BYDFDWJ22DGZ8,Session,arn:aws:iam::811596193553:role/service-role/config-role-us-west-2,2020-09-28T20:13:27Z
ASIACJP5JL8UX1HX3DUX,Session,arn:aws:iam::811596193553:role/flaws,2020-09-28T20:23:14Z
ASIA0NJ5MG6C1300IBI3,Session,arn:aws:iam::811596193553:role/flaws,2020-09-28T20:23:14Z
ASIAC98MCCI94QHVF7IZ,Session,arn:aws:iam::811596193553:role/flaws,2020-09-28T21:19:40Z
ASIANEGEGS7FRIXON86W,Session,arn:aws:iam::811596193553:role/flaws,2020-09-28T21:19:40Z
ASIA95JP6G70I5IVJXJN,Session,arn:aws:iam::811596193553:role/flaws,2020-09-28T22:15:44Z
ASIA0KMJNBWUALWXJCGW,Session,arn:aws:iam::811596193553:role/flaws,2020-09-28T22:15:44Z
ASIAUAWL6BV1WG94VX2K,Session,arn:aws:iam::811596193553:role/service-role/Level6,2020-09-28T22:37:21Z
ASIAEKZJO7OO8GTR28CH,Session,arn:aws:iam::811596193553:role/service-role/Level6,2020-09-28T22:37:21Z
ASIAHJOSBU2GG8HRVTXP,Session,arn:aws:iam::811596193553:role/flaws,2020-09-28T23:17:59Z
ASIAYELJJQ0CJUFPCFAE,Session,arn:aws:iam::811596193553:role/flaws,2020-09-28T23:17:59Z
ASIA5NP2TUQ64LC89FG9,Session,arn:aws:iam::811596193553:role/flaws,2020-09-29T00:17:35Z
ASIABAKQZCNXR69GQH8P,Session,arn:aws:iam::811596193553:role/flaws,2020-09-29T00:17:35Z
ASIAZAO6YBI3P407FEVF,Session,arn:aws:iam::811596193553:role/flaws,2020-09-29T01:22:09Z
ASIAGSGA3R60RVO9UE7V,Session,arn:aws:iam::811596193553:role/flaws,2020-09-29T01:22:09Z
ASIAXV2UH14S3J7JOFD8,Session,arn:aws:iam::811596193553:role/service-role/config-role-us-west-2,2020-09-29T02:14:03Z
ASIAU5W9SNCD9ULNW2GU,Session,arn:aws:iam::811596193553:role/flaws,2020-09-29T02:26:20Z
ASIAR47LVH4AJIIPZGA3,Session,arn:aws:iam::811596193553:role/flaws,2020-09-29T02:26:20Z
ASIA1B9WP5SU4LM7C8R9,Session,arn:aws:iam::811596193553:role/flaws,2020-09-29T03:27:31Z
ASIA5B7K9A7KGFQFS9Q3,Session,arn:aws:iam::811596193553:role/flaws,2020-09-29T03:27:31Z
ASIAOP20VKT0Z6EE7UUI,Session,arn:aws:iam::811596193553:role/flaws,2020-09-29T04:27:14Z
ASIAPUWZD0RML01M7DMT,Session,arn:aws:iam::811596193553:role/flaws,2020-09-29T04:27:14Z
ASIAG2D8B36TUAAM30UH,Session,arn:aws:iam::811596193553:role/flaws,2020-09-29T05:30:39Z
ASIA9ST320WKKF9XREO6,Session,arn:aws:iam::811596193553:role/flaws,2020-09-29T05:30:39Z
ASIA1TN8M4XBBFIIRRI6,Session,arn:aws:iam::811596193553:role/flaws,2020-09-29T06:33:03Z
ASIAQP37FRTFSIERCTCO,Session,arn:aws:iam::811596193553:role/flaws,2020-09-29T06:33:03Z
ASIAUYKL43ME2W8PDMN3,Session,arn:aws:iam::811596193553:role/flaws,2020-09-29T07:36:42Z
ASIA8VS8HIR97Z7G0Z1P,Session,arn:aws:iam::811596193553:role/flaws,2020-09-29T07:36:42Z
ASIA5O3TCHBO4490VCU2,Session,arn:aws:iam::811596193553:role/service-role/config-role-us-west-2,2020-09-29T08:14:11Z
ASIALP9UTCUU48Z3TQCF,Session,arn:aws:iam::811596193553:role/flaws,2020-09-29T08:32:49Z
ASIA9D11W6SIUIBTOLEG,Session,arn:aws:iam::811596193553:role/flaws,2020-09-29T08:32:49Z
ASIAKFLQA9AZHZ9ULKPO,Session,arn:aws:iam::811596193553:role/aws-service-role/config-multiaccountsetup.amazonaws.com/AWSServiceRoleForConfigMultiAccountSetup,2020-09-29T08:38:55Z
ASIAKKY4I1WL7ID28ZFS,Session,arn:aws:iam::811596193553:role/flaws,2020-09-29T09:33:37Z
ASIAJKPD9SAW390E0VUT,Session,arn:aws:iam::811596193553:role/flaws,2020-09-29T09:33:37Z
ASIAM9I6LRVBVMKSI843,Session,arn:aws:iam::811596193553:role/flaws,2020-09-29T10:38:09Z
ASIA7NJI9OXH1WJBVYCN,Session,arn:aws:iam::811596193553:role/flaws,2020-09-29T10:38:09Z
ASIANHW0GQJD93T9CNC4,Session,arn:aws:iam::811596193553:role/flaws,2020-09-29T11:41:39Z
ASIAWHIKNBANY4QVN3QS,Session,arn:aws:iam::811596193553:role/flaws,2020-09-29T11:41:39Z
ASIAM3CY2JZSV586NB0Z,Session,arn:aws:iam::811596193553:role/flaws,2020-09-29T12:40:38Z
ASIADJI5RXWDO4XLDDPJ,Session,arn:aws:iam::811596193553:role/flaws,2020-09-29T12:40:38Z
ASIAJAFL7O34K45YFNEQ,Session,arn:aws:iam::811596193553:role/flaws,2020-09-29T13:37:34Z
ASIAAM73SH5YEGNBWMFX,Session,arn:aws:iam::811596193553:role/flaws,2020-09-29T13:37:34Z
ASIA5IVVFKPCRO1YT4DJ,Session,arn:aws:iam::811596193553:role/service-role/Level6,2020-09-29T13:42:15Z
ASIA5E18K15G2OPBK6M5,Session,arn:aws:iam::811596193553:role/service-role/Level6,2020-09-29T13:42:15Z
ASIAWTWOSP3JE2CZQ1QA,Session,arn:aws:iam::811596193553:role/service-role/config-role-us-west-2,2020-09-29T14:13:22Z
ASIA21GR2QV157YBHZ35,Session,arn:aws:iam::811596193553:role/flaws,2020-09-29T14:39:29Z
ASIAUWUY0XTKOKJQ3AYW,Session,arn:aws:iam::811596193553:role/flaws,2020-09-29T14:39:29Z
ASIAY4ZKXOVIOEKKY17M,Session,arn:aws:iam::811596193553:role/flaws,2020-09-29T15:35:07Z
ASIAKI0NA5AE2ABYV021,Session,arn:aws:iam::811596193553:role/flaws,2020-09-29T15:35:07Z
ASIAFT7KUQHVR98VHPRV,Session,arn:aws:iam::811596193553:role/flaws,2020-09-29T16:35:16Z
ASIAFFUCW04PDLOHCKCU,Session,arn:aws:iam::811596193553:role/flaws,2020-09-29T16:35:16Z
ASIAQBF7U0P4DSMNLSVB,Session,arn:aws:iam::811596193553:role/flaws,2020-09-29T17:36:59Z
ASIANJATG2R3J51T6NZT,Session,arn:aws:iam::811596193553:role/flaws,2020-09-29T17:36:59Z
ASIAH1ODO264HXR16YJU,Session,arn:aws:iam::811596193553:role/flaws,2020-09-29T18:34:16Z
ASIANFFNPQ8VSH85FI0A,Session,arn:aws:iam::811596193553:role/flaws,2020-09-29T18:34:16Z
ASIAOT0410VFX2QV832Y,Session,arn:aws:iam::811596193553:role/flaws,2020-09-29T19:35:38Z
ASIAAADWK34EMH8M74Y5,Session,arn:aws:iam::811596193553:role/flaws,2020-09-29T19:35:39Z
ASIAS4U0KA5KD9S1PZD5,Session,arn:aws:iam::811596193553:role/service-role/config-role-us-west-2,2020-09-29T20:14:38Z
ASIA6VB61O1L3OSK7WWX,Session,arn:aws:iam::811596193553:role/flaws,2020-09-29T20:36:20Z
ASIAFHCY7EGEI5Q6MZQQ,Session,arn:aws:iam::811596193553:role/flaws,2020-09-29T20:36:20Z
ASIAE5L0GYT4LSYP3PT3,Session,arn:aws:iam::811596193553:role/flaws,2020-09-29T21:34:52Z
ASIAZ7TH1BFZSXDNFKF7,Session,arn:aws:iam::811596193553:role/flaws,2020-09-29T21:34:52Z
ASIA2UC3KGYJ2MP5S66U,Session,arn:aws:iam::811596193553:role/flaws,2020-09-29T22:31:29Z
ASIAWX091621VFMMXD4T,Session,arn:aws:iam::811596193553:role/flaws,2020-09-29T22:31:29Z
ASIA0P7330J0789IPGB7,Session,arn:aws:iam::811596193553:role/flaws,2020-09-29T23:26:59Z
ASIAVK8I4NUKC7WNSZFX,Session,arn:aws:iam::811596193553:role/flaws,2020-09-29T23:26:59Z
ASIABZB0H9F2W410TSPH,Session,arn:aws:iam::811596193553:role/flaws,2020-09-30T00:25:17Z
ASIA604G2X3IHBYGEIY2,Session,arn:aws:iam::811596193553:role/flaws,2020-09-30T00:25:17Z
ASIAXTL4ZC14QAR1GFQ9,Session,arn:aws:iam::811596193553:role/flaws,2020-09-30T01:23:25Z
ASIA4DG39HPFDESM4M67,Session,arn:aws:iam::811596193553:role/flaws,2020-09-30T01:23:25Z
ASIANP4LB1OHGYX3SIV4,Session,arn:aws:iam::811596193553:role/service-role/Level6,2020-09-30T02:11:06Z
ASIANC587F6VELQ5G0RM,Session,arn:aws:iam::811596193553:role/service-role/Level6,2020-09-30T02:11:06Z
ASIAIRXVRCGCTXPVK5E4,Session,arn:aws:iam::811596193553:role/service-role/config-role-us-west-2,2020-09-30T02:15:08Z
ASIA1H65AYJFMK3PD6EP,Session,arn:aws:iam::811596193553:role/flaws,2020-09-30T02:21:25Z
ASIAN3G1NPK8VY0MIZWU,Session,arn:aws:iam::811596193553:role/flaws,2020-09-30T02:21:25Z
ASIAB5CKO6W9I4QCJRDP,Session,arn:aws:iam::811596193553:role/flaws,2020-09-30T03:25:31Z
ASIAE8TWKTLIVCKQ82W9,Session,arn:aws:iam::811596193553:role/flaws,2020-09-30T03:25:31Z
ASIAZPC7I6ZOZ463TWFI,Session,arn:aws:iam::811596193553:role/flaws,2020-09-30T04:20:34Z
ASIAQSMRKL3OKCGGDHXV,Session,arn:aws:iam::811596193553:role/flaws,2020-09-30T04:20:34Z
ASIAEVC0UTJK5VUX20GQ,Session,arn:aws:iam::811596193553:role/flaws,2020-09-30T05:24:10Z
ASIASFGPTN468IDNHR2E,Session,arn:aws:iam::811596193553:role/flaws,2020-09-30T05:24:10Z
ASIA1VZLO1RQC9BGO98U,Session,arn:aws:iam::811596193553:role/flaws,2020-09-30T06:28:27Z
ASIAWOFAER7HZ6RFM54S,Session,arn:aws:iam::811596193553:role/flaws,2020-09-30T06:28:27Z
ASIABZ4BYRAU9HHLL12T,Session,arn:aws:iam::811596193553:role/flaws,2020-09-30T07:24:00Z
ASIAFXAG80YOFGL3WWRQ,Session,arn:aws:iam::811596193553:role/flaws,2020-09-30T07:24:00Z
ASIAHYYPTBXJFE5KXS8E,Session,arn:aws:iam::811596193553:role/service-role/config-role-us-west-2,2020-09-30T08:16:14Z
ASIA0NE3WLXV1D0TQ0L3,Session,arn:aws:iam::811596193553:role/flaws,2020-09-30T08:28:51Z
ASIAXV19OASEILRXQ9ZS,Session,arn:aws:iam::811596193553:role/flaws,2020-09-30T08:28:51Z
ASIA96Y666J7PXDYPC9K,Session,arn:aws:iam::811596193553:role/aws-service-role/config-multiaccountsetup.amazonaws.com/AWSServiceRoleForConfigMultiAccountSetup,2020-09-30T08:38:58Z
ASIAWUSDRCE0S81DZ1GN,Session,arn:aws:iam::811596193553:role/flaws,2020-09-30T09:26:13Z
ASIAFP5M1KN8QDVPIBD4,Session,arn:aws:iam::811596193553:role/flaws,2020-09-30T09:26:13Z
ASIAUFXTTNE4DEHHP9JT,Session,arn:aws:iam::811596193553:role/flaws,2020-09-30T10:21:50Z
ASIAFBF88104CJZ2PDE9,Session,arn:aws:iam::811596193553:role/flaws,2020-09-30T10:21:50Z
ASIA42ZTAHVNEOWD8S08,Session,arn:aws:iam::811596193553:role/flaws,2020-09-30T11:22:27Z
ASIA9A9AWBMGD7O797ZR,Session,arn:aws:iam::811596193553:role/flaws,2020-09-30T11:22:27Z
ASIA2B27CBULXIZ7KUIC,Session,arn:aws:iam::811596193553:role/flaws,2020-09-30T12:20:10Z
ASIAI63QUA8VYF8F9CUE,Session,arn:aws:iam::811596193553:role/flaws,2020-09-30T12:20:10Z
ASIAYG0ESLW0WA1PT9SJ,Session,arn:aws:iam::811596193553:role/flaws,2020-09-30T13:22:38Z
ASIANJIXZEBHU2O7RLXQ,Session,arn:aws:iam::811596193553:role/flaws,2020-09-30T13:22:38Z
ASIA0XPHJJA35M6VB3FV,Session,arn:aws:iam::811596193553:role/service-role/config-role-us-west-2,2020-09-30T14:14:36Z
ASIAOLJTTR53WOGHNH2Q,Session,arn:aws:iam::811596193553:role/flaws,2020-09-30T14:20:46Z
ASIAK0PSOLNCMXJOEH30,Session,arn:aws:iam::811596193553:role/flaws,2020-09-30T14:20:47Z
ASIA2DMIV9751X4CA7EV,Session,arn:aws:iam::811596193553:role/flaws,2020-09-30T15:20:02Z
ASIA2C8Y4GF0PNL83UPN,Session,arn:aws:iam::811596193553:role/flaws,2020-09-30T15:20:02Z
ASIA1PN0Q2UV1KU80VJY,Session,arn:aws:iam::811596193553:role/flaws,2020-09-30T16:18:07Z
ASIAYOTB66O8OHYC8WDW,Session,arn:aws:iam::811596193553:role/flaws,2020-09-30T16:18:07Z
ASIASP0ARZO75BK4CXL8,Session,arn:aws:iam::811596193553:role/flaws,2020-09-30T17:15:18Z
ASIA41P79B4JALADPN3M,Session,arn:aws:iam::811596193553:role/flaws,2020-09-30T17:15:18Z
ASIAVSC99LY4WJHI0YNB,Session,arn:aws:iam::811596193553:role/flaws,2020-09-30T18:16:47Z
ASIAV056P44826AJSU8L,Session,arn:aws:iam::811596193553:role/flaws,2020-09-30T18:16:47Z
ASIAGHQ5II3AOKZWQZFH,Session,arn:aws:iam::811596193553:role/flaws,2020-09-30T19:18:13Z
ASIAHVGYMCUSA2UW5IY2,Session,arn:aws:iam::811596193553:role/flaws,2020-09-30T19:18:13Z
ASIAQJH7JAH9KC0F02M8,Session,arn:aws:iam::811596193553:role/flaws,2020-09-30T20:15:14Z
ASIARB94NKBA2UNCKAGY,Session,arn:aws:iam::811596193553:role/flaws,2020-09-30T20:15:14Z
ASIAGKW84XIRB4LXEJ96,Session,arn:aws:iam::811596193553:role/service-role/config-role-us-west-2,2020-09-30T20:15:21Z
ASIAVUN2BSTR05DC2R88,Session,arn:aws:iam::811596193553:role/flaws,2020-09-30T21:18:24Z
ASIAJZN3DTWW42DLR756,Session,arn:aws:iam::811596193553:role/flaws,2020-09-30T21:18:24Z
ASIAGJU2X62JTMJ6CIXF,Session,arn:aws:iam::811596193553:role/flaws,2020-09-30T22:18:57Z
ASIAWMSHGS6PNJSYPF35,Session,arn:aws:iam::811596193553:role/flaws,2020-09-30T22:18:57Z
ASIA0TYT02HD9SJ2PHV2,Session,arn:aws:iam::811596193553:role/flaws,2020-09-30T23:23:37Z
ASIAY8H4IGMFZKBO1ZND,Session,arn:aws:iam::811596193553:role/flaws,2020-09-30T23:23:37Z
ASIA16SN0Y4QMONE4E3T,Session,arn:aws:iam::811596193553:role/flaws,2020-10-01T00:23:09Z
ASIAKDG12193D8ETGR41,Session,arn:aws:iam::811596193553:role/flaws,2020-10-01T00:23:09Z
ASIA2GCD9BJYHHY13GOU,Session,arn:aws:iam::811596193553:role/flaws,2020-10-01T01:23:45Z
ASIA0QRDRG5L7MHB4RFQ,Session,arn:aws:iam::811596193553:role/flaws,2020-10-01T01:23:46Z
ASIADAJ9M8OZPHWKFG0Q,Session,arn:aws:iam::811596193553:role/service-role/config-role-us-west-2,2020-10-01T02:13:44Z
ASIABBU41U8D7JIOYOQ8,Session,arn:aws:iam::811596193553:role/flaws,2020-10-01T02:24:07Z
ASIA5LRQ1KQY3QE5H6GZ,Session,arn:aws:iam::811596193553:role/flaws,2020-10-01T02:24:07Z
ASIADLJ3WRERYH6WG6PN,Session,arn:aws:iam::811596193553:role/flaws,2020-10-01T03:20:44Z
ASIA8YSTTY8C72IIJRJW,Session,arn:aws:iam::811596193553:role/flaws,2020-10-01T03:20:44Z
ASIAEFFFVXCXNK2CZUC6,Session,arn:aws:iam::811596193553:role/flaws,2020-10-01T04:18:22Z
ASIAY2LVODADCE0B0VXI,Session,arn:aws:iam::811596193553:role/flaws,2020-10-01T04:18:22Z
ASIAABKMCRMFOKE7EKIU,Session,arn:aws:iam::811596193553:role/flaws,2020-10-01T05:14:42Z
ASIAGZ7364UWMGV48RH1,Session,arn:aws:iam::811596193553:role/flaws,2020-10-01T05:14:42Z
ASIATCBRV3MJ3X3OOALD,Session,arn:aws:iam::811596193553:role/flaws,2020-10-01T06:19:27Z
ASIAHFH2K676IJECIVRW,Session,arn:aws:iam::811596193553:role/flaws,2020-10-01T06:19:27Z
ASIAM7D04AI8AB78DZ05,Session,arn:aws:iam::811596193553:role/flaws,2020-10-01T07:16:35Z
ASIAKYXCLP2NCSS567KN,Session,arn:aws:iam::811596193553:role/flaws,2020-10-01T07:16:35Z
ASIA8CN6OV5D1MTZN9NQ,Session,arn:aws:iam::811596193553:role/service-role/config-role-us-west-2,2020-10-01T08:13:13Z
ASIANEPB2D2M9O6WGJUQ,Session,arn:aws:iam::811596193553:role/flaws,2020-10-01T08:18:33Z
ASIA29EIG6FKCJANA6E6,Session,arn:aws:iam::811596193553:role/flaws,2020-10-01T08:18:33Z
ASIABJ0YUQA996T8Y0FC,Session,arn:aws:iam::811596193553:role/aws-service-role/config-multiaccountsetup.amazonaws.com/AWSServiceRoleForConfigMultiAccountSetup,2020-10-01T08:38:55Z
ASIAKTEF5AJITWWJBW7U,Session,arn:aws:iam::811596193553:role/flaws,2020-10-01T09:18:22Z
ASIACB4UNZGNVULFG7UB,Session,arn:aws:iam::811596193553:role/flaws,2020-10-01T09:18:22Z
ASIA6RIU6ZP5M1XXY9O9,Session,arn:aws:iam::811596193553:role/flaws,2020-10-01T10:15:39Z
ASIAJH3RQ08BYY77449E,Session,arn:aws:iam::811596193553:role/flaws,2020-10-01T10:15:39Z
ASIAALRC4S1RFNWODNWI,Session,arn:aws:iam::811596193553:role/flaws,2020-10-01T11:15:37Z
ASIAYC21O83F3BAZF6IF,Session,arn:aws:iam::811596193553:role/flaws,2020-10-01T11:15:37Z
ASIAY0C8WYEWJAL7V0KM,Session,arn:aws:iam::811596193553:role/flaws,2020-10-01T12:16:55Z
ASIAI19GOF7FQNUCOG0R,Session,arn:aws:iam::811596193553:role/flaws,2020-10-01T12:16:55Z
ASIAR6M43Q4JCPFBBFX9,Session,arn:aws:iam::811596193553:role/flaws,2020-10-01T13:15:32Z
ASIAVUQJW9MAGZMZHEVX,Session,arn:aws:iam::811596193553:role/flaws,2020-10-01T13:15:32Z
ASIAX23Y40D2IWKI2MVI,Session,arn:aws:iam::811596193553:role/service-role/config-role-us-west-2,2020-10-01T14:13:41Z
ASIAPGS1X0JOYYQNYICX,Session,arn:aws:iam::811596193553:role/flaws,2020-10-01T14:18:06Z
ASIA1AX23MMMOT6T3WOR,Session,arn:aws:iam::811596193553:role/flaws,2020-10-01T14:18:06Z
ASIAA15RKKCM0EZKTPXU,Session,arn:aws:iam::811596193553:role/service-role/Level6,2020-10-01T14:54:03Z
ASIA0ZJT9NTB2N5KQTZH,Session,arn:aws:iam::811596193553:role/service-role/Level6,2020-10-01T14:54:03Z
ASIAY9OOK9YGCQD6XCSJ,Session,arn:aws:iam::811596193553:role/flaws,2020-10-01T15:18:11Z
ASIADRILM6RZFH72SLEF,Session,arn:aws:iam::811596193553:role/flaws,2020-10-01T15:18:11Z
ASIA5QW6SSLQQ9PWEO66,Session,arn:aws:iam::811596193553:role/service-role/Level6,2020-10-01T15:25:32Z
ASIALVEPOI7PQW40MII8,Session,arn:aws:iam::811596193553:role/flaws,2020-10-01T16:23:05Z
ASIAYFWIYJJW5XYC6YHX,Session,arn:aws:iam::811596193553:role/flaws,2020-10-01T16:23:05Z
ASIA4BSHSUXW9SMUEJMY,Session,arn:aws:iam::811596193553:role/flaws,2020-10-01T17:19:34Z
ASIAA49N2FRBQLUASG1Q,Session,arn:aws:iam::811596193553:role/flaws,2020-10-01T17:19:34Z
ASIA11ALRIH60H3U8OP0,Session,arn:aws:iam::811596193553:role/flaws,2020-10-01T18:15:59Z
ASIA044N4D2195OWIU1E,Session,arn:aws:iam::811596193553:role/flaws,2020-10-01T18:15:59Z
ASIA0WLFEDP821USNPJ4,Session,arn:aws:iam::811596193553:role/flaws,2020-10-01T19:15:22Z
ASIAK7GJRNMRFOYEAR2Y,Session,arn:aws:iam::811596193553:role/flaws,2020-10-01T19:15:22Z
ASIA68SI0B115YL70317,Session,arn:aws:iam::811596193553:role/service-role/config-role-us-west-2,2020-10-01T20:13:56Z
ASIAO13VL9PGR3Z6FVUD,Session,arn:aws:iam::811596193553:role/flaws,2020-10-01T20:18:10Z
ASIANHAKG3AZWHQY3KQ8,Session,arn:aws:iam::811596193553:role/flaws,2020-10-01T20:18:10Z
ASIA0FF4DJN8QHWC20YT,Session,arn:aws:iam::811596193553:role/flaws,2020-10-01T21:14:51Z
ASIAV7SI0NKEZF9VVLO2,Session,arn:aws:iam::811596193553:role/flaws,2020-10-01T21:14:51Z
ASIAT3T2YHW0E2AYGQBM,Session,arn:aws:iam::811596193553:role/flaws,2020-10-01T22:18:53Z
ASIA1UPVDZXKEU7L2E4C,Session,arn:aws:iam::811596193553:role/flaws,2020-10-01T22:18:53Z
ASIADY01FZX742TESCR7,Session,arn:aws:iam::811596193553:role/flaws,2020-10-01T23:13:57Z
ASIAJPZLFZYI5IQL1MR5,Session,arn:aws:iam::811596193553:role/flaws,2020-10-01T23:13:57Z
ASIAGKM4RD2BNJV2ZN0J,Session,arn:aws:iam::811596193553:role/flaws,2020-10-02T00:10:39Z
ASIAKPQB350BWTGY9XGB,Session,arn:aws:iam::811596193553:role/flaws,2020-10-02T00:10:39Z
ASIAYXHJFHOFF3KWWFJJ,Session,arn:aws:iam::811596193553:role/flaws,2020-10-02T01:09:08Z
ASIAOK2BY45T87K0PGRJ,Session,arn:aws:iam::811596193553:role/flaws,2020-10-02T01:09:08Z
ASIAF17B6F883SB13JBV,Session,arn:aws:iam::811596193553:role/flaws,2020-10-02T02:13:18Z
ASIAESEKM85YB45UIJJL,Session,arn:aws:iam::811596193553:role/flaws,2020-10-02T02:13:18Z
ASIA29GT17R73PNQ6ZJ5,Session,arn:aws:iam::811596193553:role/service-role/config-role-us-west-2,2020-10-02T02:14:14Z
ASIAWW2CCBVIYBHCYQ5X,Session,arn:aws:iam::811596193553:role/flaws,2020-10-02T03:13:13Z
ASIAO48JQTCB16N7VIOK,Session,arn:aws:iam::811596193553:role/flaws,2020-10-02T03:13:14Z
ASIA1C7W28846MPPE7SV,Session,arn:aws:iam::811596193553:role/flaws,2020-10-02T04:18:03Z
ASIA9HV11ACIW4Z5J9CI,Session,arn:aws:iam::811596193553:role/flaws,2020-10-02T04:18:03Z
ASIAMZP32WG082PYVF6X,Session,arn:aws:iam::811596193553:role/flaws,2020-10-02T05:17:54Z
ASIA40LW9871OJ6XREF2,Session,arn:aws:iam::811596193553:role/flaws,2020-10-02T05:17:54Z
ASIA9CGG6ZZM0QSCYSK3,Session,arn:aws:iam::811596193553:role/flaws,2020-10-02T06:22:27Z
ASIA6L6IVSE4R87V4Q63,Session,arn:aws:iam::811596193553:role/flaws,2020-10-02T06:22:27Z
ASIAUJ69FD1PGLKLS9XH,Session,arn:aws:iam::811596193553:role/flaws,2020-10-02T07:25:45Z
ASIAMMNYRPID3FUCKKGX,Session,arn:aws:iam::811596193553:role/flaws,2020-10-02T07:25:45Z
ASIAUKIPZX96GTAC3JTK,Session,arn:aws:iam::811596193553:role/service-role/config-role-us-west-2,2020-10-02T08:12:17Z
ASIASA4XZO8UXPEB0WWE,Session,arn:aws:iam::811596193553:role/flaws,2020-10-02T08:21:36Z
ASIAKPGUG3PRZCJE03MO,Session,arn:aws:iam::811596193553:role/flaws,2020-10-02T08:21:36Z
ASIATCI6BHBEGPOHQPGV,Session,arn:aws:iam::811596193553:role/aws-service-role/config-multiaccountsetup.amazonaws.com/AWSServiceRoleForConfigMultiAccountSetup,2020-10-02T08:38:55Z
ASIAYKJAEI7QOVBPR7KQ,Session,arn:aws:iam::811596193553:role/flaws,2020-10-02T09:24:00Z
ASIA5H1XKQIS5L66JBLE,Session,arn:aws:iam::811596193553:role/flaws,2020-10-02T09:24:00Z
ASIAKIGPZWBO30ADH9CK,Session,arn:aws:iam::811596193553:role/flaws,2020-10-02T10:27:12Z
ASIAGDZFZCVH9CDVLR9F,Session,arn:aws:iam::811596193553:role/flaws,2020-10-02T10:27:12Z
ASIAUX96YQ9CEK2BJZB4,Session,arn:aws:iam::811596193553:role/flaws,2020-10-02T11:28:28Z
ASIAYATI01C4QH5TSX5U,Session,arn:aws:iam::811596193553:role/flaws,2020-10-02T11:28:28Z
ASIAGPZCCFXIBDI5LLXZ,Session,arn:aws:iam::811596193553:role/flaws,2020-10-02T12:25:59Z
ASIABPU0EVH7BJ0BKSKU,Session,arn:aws:iam::811596193553:role/flaws,2020-10-02T12:25:59Z
ASIAL6N0GXGMKBJF5AB7,Session,arn:aws:iam::811596193553:role/flaws,2020-10-02T13:26:48Z
ASIAW22X8XTAVZ29SPY3,Session,arn:aws:iam::811596193553:role/flaws,2020-10-02T13:26:48Z
ASIAXHPL6YDFCCTAC5Q9,Session,arn:aws:iam::811596193553:role/service-role/config-role-us-west-2,2020-10-02T14:13:16Z
ASIAIXFW3QLKFBW2TKUW,Session,arn:aws:iam::811596193553:role/flaws,2020-10-02T14:27:44Z
ASIAQMQ2ABSYVE843SEY,Session,arn:aws:iam::811596193553:role/flaws,2020-10-02T14:27:44Z
ASIATCSTP0DXC1KJKBU4,Session,arn:aws:iam::811596193553:role/flaws,2020-10-02T15:25:20Z
ASIATPB920A4LFNTTHSC,Session,arn:aws:iam::811596193553:role/flaws,2020-10-02T15:25:20Z
ASIAR23V8SZ4WVBE7NG2,Session,arn:aws:iam::811596193553:role/flaws,2020-10-02T16:29:00Z
ASIA8BXUKPW02XXMSJ5W,Session,arn:aws:iam::811596193553:role/flaws,2020-10-02T16:29:00Z
ASIABCCDZ52H4L5Y13DO,Session,arn:aws:iam::811596193553:role/flaws,2020-10-02T17:30:01Z
ASIA7V4KCD2JVXWLP5HQ,Session,arn:aws:iam::811596193553:role/flaws,2020-10-02T17:30:01Z
ASIAIDJCMQQCB5NOFSOQ,Session,arn:aws:iam::811596193553:role/flaws,2020-10-02T18:32:33Z
ASIAT3JV2BGX8RWGOEUB,Session,arn:aws:iam::811596193553:role/flaws,2020-10-02T18:32:33Z
ASIA33BB7ZS1CBZCHJHW,Session,arn:aws:iam::811596193553:role/flaws,2020-10-02T19:29:38Z
ASIAL370WYX7CAPSZ6EQ,Session,arn:aws:iam::811596193553:role/flaws,2020-10-02T19:29:38Z
ASIAB7G375BHGDE1UUYO,Session,arn:aws:iam::811596193553:role/service-role/config-role-us-west-2,2020-10-02T20:14:22Z
ASIA79YZKFE2QTIM63HM,Session,arn:aws:iam::811596193553:role/flaws,2020-10-02T20:25:02Z
ASIAAGYKXB8CR4NQIIV9,Session,arn:aws:iam::811596193553:role/flaws,2020-10-02T20:25:02Z
ASIAZJLXS8IE4OHNY5N6,Session,arn:aws:iam::811596193553:role/flaws,2020-10-02T21:25:50Z
ASIA135WTC31M498QFQH,Session,arn:aws:iam::811596193553:role/flaws,2020-10-02T21:25:50Z
ASIA3ROKPTB3N47SN8M7,Session,arn:aws:iam::811596193553:role/flaws,2020-10-02T22:21:25Z
ASIAFXJBIARAZ13EGHI3,Session,arn:aws:iam::811596193553:role/flaws,2020-10-02T22:21:25Z
ASIAPD7RI5793QGX2XIG,Session,arn:aws:iam::811596193553:role/flaws,2020-10-02T23:26:00Z
ASIAJNMYH8S7O8X4S81Z,Session,arn:aws:iam::811596193553:role/flaws,2020-10-02T23:26:00Z
ASIA0AB06IZQ8TMHZQSP,Session,arn:aws:iam::811596193553:role/flaws,2020-10-03T00:27:32Z
ASIAXOVE9YT9W72SUM0J,Session,arn:aws:iam::811596193553:role/flaws,2020-10-03T00:27:32Z
ASIAN4WJPPVMZ3AX0FN5,Session,arn:aws:iam::811596193553:role/flaws,2020-10-03T01:31:04Z
ASIAIIJ26DSHGL6FSTSP,Session,arn:aws:iam::811596193553:role/flaws,2020-10-03T01:31:04Z
ASIA7CPM0U62SXWKZ8M7,Session,arn:aws:iam::811596193553:role/service-role/config-role-us-west-2,2020-10-03T02:14:18Z
ASIAGZIBHBGW7FXTD3IX,Session,arn:aws:iam::811596193553:role/flaws,2020-10-03T02:33:25Z
ASIANMFB4ZI8K9Z1EQ58,Session,arn:aws:iam::811596193553:role/flaws,2020-10-03T02:33:25Z
ASIAS4NUIEVZ8DVVFUCA,Session,arn:aws:iam::811596193553:role/flaws,2020-10-03T03:28:27Z
ASIAX8Q8G1C1BRS1OBKS,Session,arn:aws:iam::811596193553:role/flaws,2020-10-03T03:28:27Z
ASIAHDFRWJ4Y83QSNUQ5,Session,arn:aws:iam::811596193553:role/flaws,2020-10-03T04:27:59Z
ASIABEA82MWQY3V0MAT0,Session,arn:aws:iam::811596193553:role/flaws,2020-10-03T04:27:59Z
ASIA40VTY71E8VSHT3K4,Session,arn:aws:iam::811596193553:role/flaws,2020-10-03T05:25:20Z
ASIAG73C1F4U8FFOM1ZI,Session,arn:aws:iam::811596193553:role/flaws,2020-10-03T05:25:20Z
ASIA0UH4T5BV8ZWH4YTT,Session,arn:aws:iam::811596193553:role/flaws,2020-10-03T06:20:40Z
ASIATQL24CS8IBF3YQ85,Session,arn:aws:iam::811596193553:role/flaws,2020-10-03T06:20:40Z
ASIA76H6EG7P5D8O4DZX,Session,arn:aws:iam::811596193553:role/flaws,2020-10-03T07:24:33Z
ASIANT4LXTSKNH2MR9DB,Session,arn:aws:iam::811596193553:role/flaws,2020-10-03T07:24:33Z
ASIAT840CFPAYZQ747R0,Session,arn:aws:iam::811596193553:role/service-role/config-role-us-west-2,2020-10-03T08:14:43Z
ASIANSNVX9C8MJM1C6TF,Session,arn:aws:iam::811596193553:role/flaws,2020-10-03T08:29:28Z
ASIAX0PHWEVHK6YSKPXN,Session,arn:aws:iam::811596193553:role/flaws,2020-10-03T08:29:28Z
ASIAXK5RD2SZ41VMKQ9A,Session,arn:aws:iam::811596193553:role/aws-service-role/config-multiaccountsetup.amazonaws.com/AWSServiceRoleForConfigMultiAccountSetup,2020-10-03T08:39:09Z
ASIA7OK7JZMH47WN8DT6,Session,arn:aws:iam::811596193553:role/flaws,2020-10-03T09:25:03Z
ASIAGV67Y6VMTDUTPJN0,Session,arn:aws:iam::811596193553:role/flaws,2020-10-03T09:25:03Z
ASIAVRTELGEVRCQIS5EF,Session,arn:aws:iam::811596193553:role/flaws,2020-10-03T10:22:48Z
ASIA9KUAMEINXSO7TY2W,Session,arn:aws:iam::811596193553:role/flaws,2020-10-03T10:22:48Z
ASIA9U2YPGV659E15FLZ,Session,arn:aws:iam::811596193553:role/flaws,2020-10-03T11:19:18Z
ASIAOXOU9312Q8FI2ZZD,Session,arn:aws:iam::811596193553:role/flaws,2020-10-03T11:19:18Z
ASIA7W5SNP6IWGPI452I,Session,arn:aws:iam::811596193553:role/flaws,2020-10-03T12:22:39Z
ASIAHZ8M315XBJQ9FC0R,Session,arn:aws:iam::811596193553:role/flaws,2020-10-03T12:22:39Z
ASIA8M0YM4Z9ZESAMAAR,Session,arn:aws:iam::811596193553:role/flaws,2020-10-03T13:19:03Z
ASIASS40CXNQEIQ14NZN,Session,arn:aws:iam::811596193553:role/flaws,2020-10-03T13:19:03Z
ASIAHEVI2K6I477Z1TOD,Session,arn:aws:iam::811596193553:role/service-role/config-role-us-west-2,2020-10-03T14:13:51Z
ASIA5LCRACLNZ66IQIZD,Session,arn:aws:iam::811596193553:role/flaws,2020-10-03T14:17:36Z
ASIA8O3KUG2OLCZIRAIN,Session,arn:aws:iam::811596193553:role/flaws,2020-10-03T14:17:36Z
ASIAY95ZZ4FSGEXY9MIZ,Session,arn:aws:iam::811596193553:role/flaws,2020-10-03T15:18:01Z
ASIAVBZ803H7C4K69XTU,Session,arn:aws:iam::811596193553:role/flaws,2020-10-03T15:18:01Z
ASIAG3R52QE6UWU8A34F,Session,arn:aws:iam::811596193553:role/flaws,2020-10-03T16:15:40Z
ASIAAJPPPUOY1H66BKFD,Session,arn:aws:iam::811596193553:role/flaws,2020-10-03T16:15:40Z
ASIAF30RXIA84GH8ZZ8Y,Session,arn:aws:iam::811596193553:role/flaws,2020-10-03T17:18:15Z
ASIAGD7AYNDKFHW64RFE,Session,arn:aws:iam::811596193553:role/flaws,2020-10-03T17:18:15Z
ASIA0QOLT4FALKP3937B,Session,arn:aws:iam::811596193553:role/flaws,2020-10-03T18:21:33Z
ASIAB2IA5LQZNMYO5WNN,Session,arn:aws:iam::811596193553:role/flaws,2020-10-03T18:21:33Z
ASIAY60AHD1064RAQM28,Session,arn:aws:iam::811596193553:role/flaws,2020-10-03T19:18:28Z
ASIAXOXW7J7NG8FROXRP,Session,arn:aws:iam::811596193553:role/flaws,2020-10-03T19:18:28Z
ASIABXQRU3DRQI7RR3EP,Session,arn:aws:iam::811596193553:role/service-role/config-role-us-west-2,2020-10-03T20:13:31Z
ASIAFVN14W4SM1O1K1E5,Session,arn:aws:iam::811596193553:role/flaws,2020-10-03T20:20:43Z
ASIACFHNAZV38BPY73YP,Session,arn:aws:iam::811596193553:role/flaws,2020-10-03T20:20:43Z
ASIAHPGPGNUP5QUAJJE8,Session,arn:aws:iam::811596193553:role/flaws,2020-10-03T21:15:46Z
ASIARNWB03YZ34YARO1L,Session,arn:aws:iam::811596193553:role/flaws,2020-10-03T21:15:46Z
ASIA8QWO5VFY6CN2PP07,Session,arn:aws:iam::811596193553:role/flaws,2020-10-03T22:18:47Z
ASIA1B1CCZWU0WKJZJDF,Session,arn:aws:iam::811596193553:role/flaws,2020-10-03T22:18:47Z
ASIAFL1MV92DB3Y67SM7,Session,arn:aws:iam::811596193553:role/flaws,2020-10-03T23:22:48Z
ASIADA0E0K5Z2P4RQ1DO,Session,arn:aws:iam::811596193553:role/flaws,2020-10-03T23:22:48Z
ASIAZ75BNI82TFIR4OST,Session,arn:aws:iam::811596193553:role/flaws,2020-10-04T00:21:16Z
ASIALQKN7IUFY3N4ELSL,Session,arn:aws:iam::811596193553:role/flaws,2020-10-04T00:21:16Z
ASIADGGAVD4MLV4V6N7T,Session,arn:aws:iam::811596193553:role/flaws,2020-10-04T01:21:47Z
ASIA3Q9C6LCJ51EI756K,Session,arn:aws:iam::811596193553:role/flaws,2020-10-04T01:21:47Z
ASIACN12HXDB3V44P8Z2,Session,arn:aws:iam::811596193553:role/service-role/config-role-us-west-2,2020-10-04T02:14:33Z
ASIAWPD3G0SLQUXIV4SN,Session,arn:aws:iam::811596193553:role/flaws,2020-10-04T02:25:15Z
ASIAY0W1S0KBK6O3IT5C,Session,arn:aws:iam::811596193553:role/flaws,2020-10-04T02:25:15Z
ASIAOY6DNECRIJSHPZBQ,Session,arn:aws:iam::811596193553:role/flaws,2020-10-04T03:30:14Z
ASIA7ZBOG3TTYF7T0JB0,Session,arn:aws:iam::811596193553:role/flaws,2020-10-04T03:30:14Z
ASIAWY41EKU1OZWVL7BA,Session,arn:aws:iam::811596193553:role/flaws,2020-10-04T04:27:52Z
ASIAU0DL1L1K91JTJD0R,Session,arn:aws:iam::811596193553:role/flaws,2020-10-04T04:27:52Z
ASIAMDMQNV2R7XE9LU2O,Session,arn:aws:iam::811596193553:role/service-role/Level6,2020-10-04T05:03:15Z
ASIAU56M2J1YR1FKJQN1,Session,arn:aws:iam::811596193553:role/service-role/Level6,2020-10-04T05:03:16Z
ASIALMBL5MZQB6NNBM6H,Session,arn:aws:iam::811596193553:role/flaws,2020-10-04T05:27:39Z
ASIAG3KT5NKT69JGENF4,Session,arn:aws:iam::811596193553:role/flaws,2020-10-04T05:27:39Z
ASIAUY1LIKWTT8HID2G7,Session,arn:aws:iam::811596193553:role/flaws,2020-10-04T06:31:18Z
ASIARE7DJ7H3E46GQMM7,Session,arn:aws:iam::811596193553:role/flaws,2020-10-04T06:31:18Z
ASIAV8CPKND0CQH5LUKB,Session,arn:aws:iam::811596193553:role/service-role/Level6,2020-10-04T06:33:17Z
ASIAT8VCT8TC93DACAC8,Session,arn:aws:iam::811596193553:role/flaws,2020-10-04T07:34:36Z
ASIA2RL7AA8PIQMEHBTB,Session,arn:aws:iam::811596193553:role/flaws,2020-10-04T07:34:36Z
ASIA5J0IVI9VSY26S39Q,Session,arn:aws:iam::811596193553:role/service-role/config-role-us-west-2,2020-10-04T08:13:03Z
ASIAO142UTVZ9YDTVGCR,Session,arn:aws:iam::811596193553:role/flaws,2020-10-04T08:34:02Z
ASIAK4E1QR6NEZORNO3B,Session,arn:aws:iam::811596193553:role/flaws,2020-10-04T08:34:02Z
ASIASOVUUUKG9XCNJ1NE,Session,arn:aws:iam::811596193553:role/aws-service-role/config-multiaccountsetup.amazonaws.com/AWSServiceRoleForConfigMultiAccountSetup,2020-10-04T08:38:55Z
ASIA67NQ5WAE30ICM5ON,Session,arn:aws:iam::811596193553:role/flaws,2020-10-04T09:34:37Z
ASIAXLSB2G9YHPEL2JAM,Session,arn:aws:iam::811596193553:role/flaws,2020-10-04T09:34:37Z
ASIAZCM3MMU8UR0Y6CLH,Session,arn:aws:iam::811596193553:role/flaws,2020-10-04T10:38:15Z
ASIAPT28L9DCTRDF3MQI,Session,arn:aws:iam::811596193553:role/flaws,2020-10-04T10:38:15Z
ASIAQJLGAPVE8K7A5OBJ,Session,arn:aws:iam::811596193553:role/service-role/Level6,2020-10-04T11:28:25Z
ASIAZD7EJRBXF59EW4U8,Session,arn:aws:iam::811596193553:role/service-role/Level6,2020-10-04T11:28:25Z
ASIAYE9A47XTT5FP5ZBM,Session,arn:aws:iam::811596193553:role/flaws,2020-10-04T11:35:43Z
ASIAGCOZQYDPU4UTAXEE,Session,arn:aws:iam::811596193553:role/flaws,2020-10-04T11:35:43Z
ASIAT7W5WVH8O5XFQZ7T,Session,arn:aws:iam::811596193553:role/flaws,2020-10-04T12:33:41Z
ASIA89XG9E4LKKEORVZG,Session,arn:aws:iam::811596193553:role/flaws,2020-10-04T12:33:41Z
ASIAJOIX7EVEZWE8O148,Session,arn:aws:iam::811596193553:role/flaws,2020-10-04T13:36:13Z
ASIANJY3GSX22NIX8BFB,Session,arn:aws:iam::811596193553:role/flaws,2020-10-04T13:36:13Z
ASIABKZZYDLZ16XOWKA2,Session,arn:aws:iam::811596193553:role/service-role/config-role-us-west-2,2020-10-04T14:13:44Z
ASIAQUTP1T9PA5EGLNJ9,Session,arn:aws:iam::811596193553:role/flaws,2020-10-04T14:33:52Z
ASIACDXHY0FL5HR911KG,Session,arn:aws:iam::811596193553:role/flaws,2020-10-04T14:33:52Z
ASIAKVBC5WGHOJ0QWF5R,Session,arn:aws:iam::811596193553:role/flaws,2020-10-04T15:31:16Z
ASIARLV9D0F1M81525AC,Session,arn:aws:iam::811596193553:role/flaws,2020-10-04T15:31:16Z
ASIANTS03J7LRY0VHSL3,Session,arn:aws:iam::811596193553:role/flaws,2020-10-04T16:35:17Z
ASIAG7AK4YP265EOCXH7,Session,arn:aws:iam::811596193553:role/flaws,2020-10-04T16:35:17Z
ASIAXSHF45284PK14HO7,Session,arn:aws:iam::811596193553:role/flaws,2020-10-04T17:38:20Z
ASIAQ115E7A8WCVK3K16,Session,arn:aws:iam::811596193553:role/flaws,2020-10-04T17:38:20Z
ASIAWS65P6YQTYKHMGB6,Session,arn:aws:iam::811596193553:role/flaws,2020-10-04T18:36:20Z
ASIAXHITAEKX1E0FLSXL,Session,arn:aws:iam::811596193553:role/flaws,2020-10-04T18:36:20Z
ASIA1NNNB3G8Q8JY9UX2,Session,arn:aws:iam::811596193553:role/flaws,2020-10-04T19:41:05Z
ASIALDZR68HJ38E02EPB,Session,arn:aws:iam::811596193553:role/flaws,2020-10-04T19:41:05Z
ASIA4WCG0VB492EV2LTH,Session,arn:aws:iam::811596193553:role/service-role/config-role-us-west-2,2020-10-04T20:13:18Z
ASIACAMC3OMWRXYPWLF4,Session,arn:aws:iam::811596193553:role/flaws,2020-10-04T20:45:44Z
ASIAEXEVRKB28WATX4AV,Session,arn:aws:iam::811596193553:role/flaws,2020-10-04T20:45:44Z
ASIAXKV5ER59JCLY169R,Session,arn:aws:iam::811596193553:role/flaws,2020-10-04T21:46:10Z
ASIAO1W4XUYLB48AWBNJ,Session,arn:aws:iam::811596193553:role/flaws,2020-10-04T21:46:10Z
ASIAWBYB6GFHWM51F46L,Session,arn:aws:iam::811596193553:role/flaws,2020-10-04T22:42:42Z
ASIADNR91QYFI1GI8JDP,Session,arn:aws:iam::811596193553:role/flaws,2020-10-04T22:42:42Z
ASIAVTJJZ0CHZ32O9JIL,Session,arn:aws:iam::811596193553:role/flaws,2020-10-04T23:44:48Z
ASIAF6I9Y6XAU4BI0FRY,Session,arn:aws:iam::811596193553:role/flaws,2020-10-04T23:44:48Z
ASIAQWLPGWXOTB0SF2ES,Session,arn:aws:iam::811596193553:role/flaws,2020-10-05T00:46:09Z
ASIABG2Y7OJ9JERIT3ZF,Session,arn:aws:iam::811596193553:role/flaws,2020-10-05T00:46:09Z
ASIAK86QUSU67EU7MKXE,Session,arn:aws:iam::811596193553:role/flaws,2020-10-05T01:41:18Z
ASIA2B88SH0I6C5CEAAR,Session,arn:aws:iam::811596193553:role/flaws,2020-10-05T01:41:18Z
ASIAKDFWUUVAOWEM9YID,Session,arn:aws:iam::811596193553:role/service-role/config-role-us-west-2,2020-10-05T02:14:40Z
ASIAAHPY6R3T39A4B3K7,Session,arn:aws:iam::811596193553:role/flaws,2020-10-05T02:36:19Z
ASIANVDG7UZGTSSWPKKB,Session,arn:aws:iam::811596193553:role/flaws,2020-10-05T02:36:19Z
ASIA08CHO5S2JDDA20QA,Session,arn:aws:iam::811596193553:role/flaws,2020-10-05T03:35:04Z
ASIAXQTTVSXR7J2R0MO0,Session,arn:aws:iam::811596193553:role/flaws,2020-10-05T03:35:04Z
ASIAH4WG9RP83BS7FUV7,Session,arn:aws:iam::811596193553:role/flaws,2020-10-05T04:38:00Z
ASIAR8SR80SGG8TV2ZQK,Session,arn:aws:iam::811596193553:role/flaws,2020-10-05T04:38:00Z
ASIA80GB8NZ34XSGSJ8C,Session,arn:aws:iam::811596193553:role/flaws,2020-10-05T05:37:37Z
ASIAGIK2VZSU4J84JLUC,Session,arn:aws:iam::811596193553:role/flaws,2020-10-05T05:37:37Z
ASIA959ZZT6NVUU6DUY1,Session,arn:aws:iam::811596193553:role/flaws,2020-10-05T06:39:45Z
ASIAP7JNLOO82XFF7J8Y,Session,arn:aws:iam::811596193553:role/flaws,2020-10-05T06:39:45Z
ASIA6TL98VYL2S9LBI12,Session,arn:aws:iam::811596193553:role/flaws,2020-10-05T07:36:51Z
ASIAQI93GNMRKB9II11T,Session,arn:aws:iam::811596193553:role/flaws,2020-10-05T07:36:51Z
ASIAZRRTX3F61P8CVDSQ,Session,arn:aws:iam::811596193553:role/service-role/config-role-us-west-2,2020-10-05T08:14:24Z
ASIA2NR6M67802DZNCZK,Session,arn:aws:iam::811596193553:role/flaws,2020-10-05T08:38:23Z
ASIA7VYBL3NB4JR0GJWQ,Session,arn:aws:iam::811596193553:role/flaws,2020-10-05T08:38:23Z
ASIAVYBA5YRJP4PESK9J,Session,arn:aws:iam::811596193553:role/aws-service-role/config-multiaccountsetup.amazonaws.com/AWSServiceRoleForConfigMultiAccountSetup,2020-10-05T08:38:55Z
ASIA4AP7J8L6FP745K0M,Session,arn:aws:iam::811596193553:role/flaws,2020-10-05T09:40:51Z
ASIAUCGL9YXDTWDI1E87,Session,arn:aws:iam::811596193553:role/flaws,2020-10-05T09:40:51Z
ASIAWLR9KOK47GATKM28,Session,arn:aws:iam::811596193553:role/flaws,2020-10-05T10:44:41Z
ASIAPNUAY3AW6K1NC2CP,Session,arn:aws:iam::811596193553:role/flaws,2020-10-05T10:44:41Z
ASIAFOX8TM4WHBRY1P8T,Session,arn:aws:iam::811596193553:role/flaws,2020-10-05T11:45:32Z
ASIACNV0IIME5007BTDY,Session,arn:aws:iam::811596193553:role/flaws,2020-10-05T11:45:32Z
ASIAO2K9C9JCCXQIX94X,Session,arn:aws:iam::811596193553:role/flaws,2020-10-05T12:41:52Z
ASIAAKXQTNZ76CKY9N3A,Session,arn:aws:iam::811596193553:role/flaws,2020-10-05T12:41:52Z
ASIAXISHKQZHLCIBLKNK,Session,arn:aws:iam::811596193553:role/flaws,2020-10-05T13:42:58Z
ASIA92BY2C0BX3912BFM,Session,arn:aws:iam::811596193553:role/flaws,2020-10-05T13:42:58Z
ASIAN1WDRQVSY9CM8DIU,Session,arn:aws:iam::811596193553:role/service-role/config-role-us-west-2,2020-10-05T14:15:17Z
ASIALGIIJOJD6DWGQSV6,Session,arn:aws:iam::811596193553:role/flaws,2020-10-05T14:40:41Z
ASIAKG3FTOB01K9NFA3U,Session,arn:aws:iam::811596193553:role/flaws,2020-10-05T14:40:41Z
ASIAUURTA10YGV19ZMOV,Session,arn:aws:iam::811596193553:role/flaws,2020-10-05T15:37:21Z
ASIAI9SCYJL4LLFNPO8M,Session,arn:aws:iam::811596193553:role/flaws,2020-10-05T15:37:21Z
ASIAY7EIQG5UK8OB0AKL,Session,arn:aws:iam::811596193553:role/flaws,2020-10-05T16:35:06Z
ASIAVE7VCJT5Z7ZNE69I,Session,arn:aws:iam::811596193553:role/flaws,2020-10-05T16:35:06Z
ASIA8ZPG4XTJQX8OR65G,Session,arn:aws:iam::811596193553:role/flaws,2020-10-05T17:32:12Z
ASIANQYRXXKLXH7UOLOD,Session,arn:aws:iam::811596193553:role/flaws,2020-10-05T17:32:12Z
ASIA3OZL56GYQ2RD9FXF,Session,arn:aws:iam::811596193553:role/flaws,2020-10-05T18:35:10Z
ASIAKGTWKTGTCDRQ9RLT,Session,arn:aws:iam::811596193553:role/flaws,2020-10-05T18:35:10Z
ASIAHBCSNII1SVPJWYYL,Session,arn:aws:iam::811596193553:role/flaws,2020-10-05T19:32:32Z
ASIAOH2481ZQB5IKVENS,Session,arn:aws:iam::811596193553:role/flaws,2020-10-05T19:32:32Z
ASIAK9ZDX7JA9KGP5IXL,Session,arn:aws:iam::811596193553:role/service-role/config-role-us-west-2,2020-10-05T20:14:50Z
ASIA4YEBLC21XZQ7MWBB,Session,arn:aws:iam::811596193553:role/flaws,2020-10-05T20:28:45Z
ASIAHICVVE8LGMDHB4XS,Session,arn:aws:iam::811596193553:role/flaws,2020-10-05T20:28:45Z
ASIA0SJTSY6Y3EFPC9Z7,Session,arn:aws:iam::811596193553:role/flaws,2020-10-05T21:32:12Z
ASIA8LCXM0ARYM81VOYG,Session,arn:aws:iam::811596193553:role/flaws,2020-10-05T21:32:12Z
ASIA0U8QIWFFUGUJCLWE,Session,arn:aws:iam::811596193553:role/flaws,2020-10-05T22:33:19Z
ASIAMQQIX7DAMYS8M8JM,Session,arn:aws:iam::811596193553:role/flaws,2020-10-05T22:33:19Z
ASIA9LNBYQDLAT4DI0SB,Session,arn:aws:iam::811596193553:role/flaws,2020-10-05T23:35:04Z
ASIAZ3JRPX281EV57S5U,Session,arn:aws:iam::811596193553:role/flaws,2020-10-05T23:35:04Z
ASIAP44O8NLEQJKE3FID,Session,arn:aws:iam::811596193553:role/flaws,2020-10-06T00:36:17Z
ASIA5CNY6AB8GI0FPOK9,Session,arn:aws:iam::811596193553:role/flaws,2020-10-06T00:36:17Z
ASIAFTPG3POMV4310NW2,Session,arn:aws:iam::811596193553:role/flaws,2020-10-06T01:38:16Z
ASIAUX2ZKF5E4PX668R6,Session,arn:aws:iam::811596193553:role/flaws,2020-10-06T01:38:16Z
ASIACYAE0K64KCJ8HS23,Session,arn:aws:iam::811596193553:role/service-role/config-role-us-west-2,2020-10-06T02:16:52Z
ASIAQESD0EDO1Y4MQBL1,Session,arn:aws:iam::811596193553:role/flaws,2020-10-06T02:39:48Z
ASIAYF6UJHW0H4J45R83,Session,arn:aws:iam::811596193553:role/flaws,2020-10-06T02:39:48Z
ASIAFYK3QYO1L0TMYKX5,Session,arn:aws:iam::811596193553:role/flaws,2020-10-06T03:38:14Z
ASIANWAGGXGR4MA5SV6X,Session,arn:aws:iam::811596193553:role/flaws,2020-10-06T03:38:14Z
ASIAZ25344YHXN0VVKLI,Session,arn:aws:iam::811596193553:role/flaws,2020-10-06T04:33:48Z
ASIA2WQV6TYR890WO9ZF,Session,arn:aws:iam::811596193553:role/flaws,2020-10-06T04:33:48Z
ASIAA6BJBF17G2URT9C8,Session,arn:aws:iam::811596193553:role/flaws,2020-10-06T05:35:34Z
ASIAS33INK5P1K80FRB2,Session,arn:aws:iam::811596193553:role/flaws,2020-10-06T05:35:34Z
ASIA0SE3GGQ2CWM2GAY2,Session,arn:aws:iam::811596193553:role/flaws,2020-10-06T06:36:45Z
ASIASCXZMPY20ML03MII,Session,arn:aws:iam::811596193553:role/flaws,2020-10-06T06:36:45Z
ASIAGV0FMGGO8F0U39EH,Session,arn:aws:iam::811596193553:role/flaws,2020-10-06T07:39:20Z
ASIASO1JMTM4L9RANKE7,Session,arn:aws:iam::811596193553:role/flaws,2020-10-06T07:39:20Z
ASIAC9R4EF03PRPUHSX1,Session,arn:aws:iam::811596193553:role/service-role/config-role-us-west-2,2020-10-06T08:15:34Z
ASIA7RSHEHJIV6LCEDGV,Session,arn:aws:iam::811596193553:role/aws-service-role/config-multiaccountsetup.amazonaws.com/AWSServiceRoleForConfigMultiAccountSetup,2020-10-06T08:38:55Z
ASIAPY4XFWV8UMYUOMUV,Session,arn:aws:iam::811596193553:role/flaws,2020-10-06T08:39:22Z
ASIAJ6MP89CBYA4N4R13,Session,arn:aws:iam::811596193553:role/flaws,2020-10-06T08:39:22Z
ASIABYANLAYO8OYEU84S,Session,arn:aws:iam::811596193553:role/flaws,2020-10-06T09:38:39Z
ASIAT06SHUUJRGPSAN8D,Session,arn:aws:iam::811596193553:role/flaws,2020-10-06T09:38:39Z
ASIAT9IQ2Z1E3IEAI7IQ,Session,arn:aws:iam::811596193553:role/flaws,2020-10-06T10:34:45Z
ASIAGGXZDQCQ53P3I3Q4,Session,arn:aws:iam::811596193553:role/flaws,2020-10-06T10:34:45Z
ASIA9K6CUL8ZEH83XO9U,Session,arn:aws:iam::811596193553:role/flaws,2020-10-06T11:34:25Z
ASIAZ260Q2A5R4P3JTBY,Session,arn:aws:iam::811596193553:role/flaws,2020-10-06T11:34:25Z
ASIA2C4R39JMCHMSOIPX,Session,arn:aws:iam::811596193553:role/flaws,2020-10-06T12:35:26Z
ASIAD1UOFI54HOHN3QQY,Session,arn:aws:iam::811596193553:role/flaws,2020-10-06T12:35:26Z
ASIA1Y26BNHE2YHD1RA9,Session,arn:aws:iam::811596193553:role/flaws,2020-10-06T13:37:28Z
ASIAGKC7FQNU7IVE0OTR,Session,arn:aws:iam::811596193553:role/flaws,2020-10-06T13:37:28Z
ASIAQW2G781GFI4M06QO,Session,arn:aws:iam::811596193553:role/service-role/config-role-us-west-2,2020-10-06T14:17:38Z
ASIAKKKPFSU73F1V8P92,Session,arn:aws:iam::811596193553:role/flaws,2020-10-06T14:37:30Z
ASIA8TKASO7552VD32VB,Session,arn:aws:iam::811596193553:role/flaws,2020-10-06T14:37:30Z
ASIAXHJOLOQO0O1OTBUR,Session,arn:aws:iam::811596193553:role/flaws,2020-10-06T15:41:20Z
ASIA5GZSA5HPODJ6HMQT,Session,arn:aws:iam::811596193553:role/flaws,2020-10-06T15:41:20Z
ASIA5C2V3K5SE2OQB2P7,Session,arn:aws:iam::811596193553:role/flaws,2020-10-06T16:41:31Z
ASIAL4N2HW3CTTB85D13,Session,arn:aws:iam::811596193553:role/flaws,2020-10-06T16:41:31Z
ASIAOYSY06J6ZLBOT2OV,Session,arn:aws:iam::811596193553:role/flaws,2020-10-06T17:36:55Z
ASIAEFY75DXZ8OYKZ0OB,Session,arn:aws:iam::811596193553:role/flaws,2020-10-06T17:36:55Z
ASIA6VDTSH11WCJPAUQX,Session,arn:aws:iam::811596193553:role/flaws,2020-10-06T18:40:51Z
ASIAWN9H33F76OUUQRHB,Session,arn:aws:iam::811596193553:role/flaws,2020-10-06T18:40:51Z
ASIAGHQ5AL6GFP8TGQ2A,Session,arn:aws:iam::811596193553:role/service-role/Level6,2020-10-06T18:53:06Z
ASIAM1RJBPS5IAXOU6CA,Session,arn:aws:iam::811596193553:role/service-role/Level6,2020-10-06T18:53:06Z
ASIAK51WWRAGAIX7A41U,Session,arn:aws:iam::811596193553:role/flaws,2020-10-06T19:40:07Z
ASIAS9DSP0SSRRGG42QA,Session,arn:aws:iam::811596193553:role/flaws,2020-10-06T19:40:07Z
ASIAUGBH0XUZWFOZWWJS,Session,arn:aws:iam::811596193553:role/service-role/config-role-us-west-2,2020-10-06T20:14:42Z
ASIACFZQY047ARLF4BLG,Session,arn:aws:iam::811596193553:role/flaws,2020-10-06T20:39:57Z
ASIAAA2NICSQVU5QJGLW,Session,arn:aws:iam::811596193553:role/flaws,2020-10-06T20:39:57Z
ASIAK0QIRS9QESFWGJB0,Session,arn:aws:iam::811596193553:role/tests3access,2020-10-06T21:20:48Z
ASIAEOEWI5QPC1PLWVQV,Session,arn:aws:iam::811596193553:role/flaws,2020-10-06T21:40:41Z
ASIAMIXCXHU8TTC35375,Session,arn:aws:iam::811596193553:role/flaws,2020-10-06T21:40:41Z
ASIA99YLQ8ZKGU5LW5LC,Session,arn:aws:iam::811596193553:role/flaws,2020-10-06T22:43:46Z
ASIABIDQRDQZMXHJP2D8,Session,arn:aws:iam::811596193553:role/flaws,2020-10-06T22:43:46Z
ASIABE4UUH5SBG1205G5,Session,arn:aws:iam::811596193553:role/flaws,2020-10-06T23:44:47Z
ASIAITFUYJVBP04RQJBH,Session,arn:aws:iam::811596193553:role/flaws,2020-10-06T23:44:47Z
ASIAMC08H8O752C0L4ZK,Session,arn:aws:iam::811596193553:role/flaws,2020-10-07T00:46:58Z
ASIAXMOI1IB8D8WVY02X,Session,arn:aws:iam::811596193553:role/flaws,2020-10-07T00:46:58Z
ASIA2O4U3JG5PGLIO1D5,Session,arn:aws:iam::811596193553:role/service-role/Level6,2020-10-07T00:53:31Z
ASIAC2GH3AXL5EDTSTW1,Session,arn:aws:iam::811596193553:role/service-role/Level6,2020-10-07T00:53:31Z
ASIAMZ3WQSWO8M2BJFN4,Session,arn:aws:iam::811596193553:role/flaws,2020-10-07T01:47:35Z
ASIAEVN6CDGCIP1XG7LB,Session,arn:aws:iam::811596193553:role/flaws,2020-10-07T01:47:35Z
ASIAAROCFDTPNT1OBFD3,Session,arn:aws:iam::811596193553:role/service-role/config-role-us-west-2,2020-10-07T02:18:23Z
ASIAF17B809IHL416SOT,Session,arn:aws:iam::811596193553:role/flaws,2020-10-07T02:51:36Z
ASIA7G13QRQJ41OY59O0,Session,arn:aws:iam::811596193553:role/flaws,2020-10-07T02:51:36Z
ASIALT23Q95439AK521B,Session,arn:aws:iam::811596193553:role/flaws,2020-10-07T03:50:49Z
ASIAWLYOGZHQTYIRZOEZ,Session,arn:aws:iam::811596193553:role/flaws,2020-10-07T03:50:49Z
ASIA5YIMSQ6NPCFZ531G,Session,arn:aws:iam::811596193553:role/flaws,2020-10-07T04:47:32Z
ASIA404H3QBIZ7N908B3,Session,arn:aws:iam::811596193553:role/flaws,2020-10-07T04:47:32Z
ASIA7NK84OUABRS64X90,Session,arn:aws:iam::811596193553:role/service-role/Level6,2020-10-07T05:03:39Z
ASIAX3VTVVAEZIYOTUQX,Session,arn:aws:iam::811596193553:role/service-role/Level6,2020-10-07T05:03:39Z
ASIADHDZ4VZFT9V0ZKSI,Session,arn:aws:iam::811596193553:role/service-role/Level6,2020-10-07T05:17:07Z
ASIA4EDC2KHASYSYKEZS,Session,arn:aws:iam::811596193553:role/flaws,2020-10-07T05:43:29Z
ASIARFYU8QQ0204EUGSY,Session,arn:aws:iam::811596193553:role/flaws,2020-10-07T05:43:29Z
ASIA0RV9RBU84TT7BWM7,Session,arn:aws:iam::811596193553:role/service-role/Level6,2020-10-07T06:09:39Z
ASIA5OMBHQN1B1UNF50E,Session,arn:aws:iam::811596193553:role/flaws,2020-10-07T06:41:49Z
ASIAFZ57O48L1KDVM3ZD,Session,arn:aws:iam::811596193553:role/flaws,2020-10-07T06:41:49Z
ASIAG3Y8IC8BSW08P9G1,Session,arn:aws:iam::811596193553:role/flaws,2020-10-07T07:40:03Z
ASIA6RGSRQIG46JACUF0,Session,arn:aws:iam::811596193553:role/flaws,2020-10-07T07:40:03Z
ASIAFHUKCQUV4T1BD4CU,Session,arn:aws:iam::811596193553:role/service-role/config-role-us-west-2,2020-10-07T08:16:45Z
ASIAIGQ4RQQCKQTKU7HK,Session,arn:aws:iam::811596193553:role/service-role/Level6,2020-10-07T08:29:39Z
ASIAV8EO3DZAHFDTDHKL,Session,arn:aws:iam::811596193553:role/service-role/Level6,2020-10-07T08:29:39Z
ASIABOW6UQK60PEJPWU5,Session,arn:aws:iam::811596193553:role/flaws,2020-10-07T08:37:20Z
ASIAILWKKQ42I7VKRN4I,Session,arn:aws:iam::811596193553:role/flaws,2020-10-07T08:37:20Z
ASIA0V38L4W311DKC1UR,Session,arn:aws:iam::811596193553:role/aws-service-role/config-multiaccountsetup.amazonaws.com/AWSServiceRoleForConfigMultiAccountSetup,2020-10-07T08:39:13Z
ASIA9QHBGKWXK8OEPS0B,Session,arn:aws:iam::811596193553:role/flaws,2020-10-07T09:33:34Z
ASIALY4GA5KDV87CSXPJ,Session,arn:aws:iam::811596193553:role/flaws,2020-10-07T09:33:34Z
ASIASEXX793RRH6IWJAI,Session,arn:aws:iam::811596193553:role/flaws,2020-10-07T10:37:11Z
ASIA812MEIQ9HTH9TPCB,Session,arn:aws:iam::811596193553:role/flaws,2020-10-07T10:37:11Z
ASIAGI7HQ091KWDWRCLS,Session,arn:aws:iam::811596193553:role/flaws,2020-10-07T11:41:54Z
ASIAS9BZ5ZHFD5BYHPK3,Session,arn:aws:iam::811596193553:role/flaws,2020-10-07T11:41:54Z
ASIAOHQXJE9XIN20GYKZ,Session,arn:aws:iam::811596193553:role/flaws,2020-10-07T12:46:49Z
ASIAO89JRNCUS9OKXF3N,Session,arn:aws:iam::811596193553:role/flaws,2020-10-07T12:46:49Z
ASIAAKFYJLHQI4QK4ZRT,Session,arn:aws:iam::811596193553:role/flaws,2020-10-07T13:47:39Z
ASIAVMFDQOT5HT7P6E7G,Session,arn:aws:iam::811596193553:role/flaws,2020-10-07T13:47:39Z
ASIAFTQZMDDI72ZV3TSQ,Session,arn:aws:iam::811596193553:role/service-role/config-role-us-west-2,2020-10-07T14:17:19Z
ASIABJRBUWUAU8HWBFFR,Session,arn:aws:iam::811596193553:role/service-role/Level6,2020-10-07T14:31:02Z
ASIA1QD3RXAQFHP1D35P,Session,arn:aws:iam::811596193553:role/service-role/Level6,2020-10-07T14:31:02Z
ASIANR07M8FAJQLJPZ26,Session,arn:aws:iam::811596193553:role/flaws,2020-10-07T14:50:31Z
ASIA0ID344EYMLHCW4KS,Session,arn:aws:iam::811596193553:role/flaws,2020-10-07T14:50:31Z
ASIAE4SP3VFD300VJBIF,Session,arn:aws:iam::811596193553:role/service-role/Level6,2020-10-07T14:52:57Z
ASIAJQ4JUJ8D8X8VY6AH,Session,arn:aws:iam::811596193553:role/flaws,2020-10-07T15:55:09Z
ASIA6JP56BQSBLTBHPER,Session,arn:aws:iam::811596193553:role/flaws,2020-10-07T15:55:09Z
ASIAL0KU56J7DGMGWKM7,Session,arn:aws:iam::811596193553:role/flaws,2020-10-07T16:55:45Z
ASIA19XYD9PKRD70H4YZ,Session,arn:aws:iam::811596193553:role/flaws,2020-10-07T16:55:45Z
ASIAED6G5EC6UHJX9075,Session,arn:aws:iam::811596193553:role/flaws,2020-10-07T17:59:34Z
ASIAXD9RKGVRMHT5SRQ3,Session,arn:aws:iam::811596193553:role/flaws,2020-10-07T17:59:34Z
ASIA7TLLIA40NZY05SMB,Session,arn:aws:iam::811596193553:role/flaws,2020-10-07T18:59:02Z
ASIAK46KA91PHZJ4AHXD,Session,arn:aws:iam::811596193553:role/flaws,2020-10-07T18:59:02Z
ASIA88E6HCIU0MRP7OR6,Session,arn:aws:iam::811596193553:role/flaws,2020-10-07T19:58:56Z
ASIAHG46MUNA24W9HFEB,Session,arn:aws:iam::811596193553:role/flaws,2020-10-07T19:58:56Z
ASIAP3ZSY8LNFIP8P1U0,Session,arn:aws:iam::811596193553:role/service-role/config-role-us-west-2,2020-10-07T20:17:38Z
ASIARQC7WGMQ6QMWZUY7,Session,arn:aws:iam::811596193553:role/tests3access,2020-10-07T20:27:01Z
ASIARCTZFP0H4K3LQ7B9,Session,arn:aws:iam::811596193553:role/flaws,2020-10-07T20:57:09Z
ASIAKHDLLU09I1LLPSYL,Session,arn:aws:iam::811596193553:role/flaws,2020-10-07T20:57:09Z
